SET FOREIGN_KEY_CHECKS=0

--
-- Dumping data for table `customer`
--

INSERT INTO `customer` (`id`, `description`, `email`, `name`, `password`, `phoneNumber`, `surname`) VALUES(1, 'test', 'test@test.pl', '', '$2a$10$6LGR0aXcR5cm9f0E8HzP.uUJ27qoL3bWwwchoPbJkDHXW8lSttkHG', '', '');
INSERT INTO `customer` (`id`, `description`, `email`, `name`, `password`, `phoneNumber`, `surname`) VALUES(2, 'jas fasola', 'jas@fasola.pl', '', '$2a$10$KFiJOHBNbIED8c.lOLTTt.A58ONXzaPFOmQoBZYx2MVpQ64f1APDW', '', '');
INSERT INTO `customer` (`id`, `description`, `email`, `name`, `password`, `phoneNumber`, `surname`) VALUES(3, '', 'mis@koralgor.pl', '', '$2a$10$rgQwzoQNdIXMSX.z5vaELO3e80hfodUQEfmsieSU5arTeAZ2DOzUe', '', '');
INSERT INTO `customer` (`id`, `description`, `email`, `name`, `password`, `phoneNumber`, `surname`) VALUES(4, '', 'krzys@czeladko.pl', '', '$2a$10$Y2ZRPSU338AVfWyjCHGqaOKsxTUN.GXkdnMgA9jnC/n39EYLA102C', '', '');
INSERT INTO `customer` (`id`, `description`, `email`, `name`, `password`, `phoneNumber`, `surname`) VALUES(5, 'anonymous', 'anonymous@anonymous.anonymous', NULL, 'asd', NULL, NULL);
INSERT INTO `customer` (`id`, `description`, `email`, `name`, `password`, `phoneNumber`, `surname`) VALUES(8, '', 'krzysztof@czeladko.pl', '', '$2a$10$VGxqIu/MCBS4LfnolZiuS.PK2D4B51haW0Ssyt19Ea/s3tV2JNjsq', '', '');
INSERT INTO `customer` (`id`, `description`, `email`, `name`, `password`, `phoneNumber`, `surname`) VALUES(9, 'anonymous2', 'gov@gov.us', '', '$2a$10$uaGMdTlVspejRZDNCU9ajeqGg/bfnl7p6WJhwWxb20c7hgokoMPFq', '', '');

/*!40101 SET CHARACTER_SET_CLIENT=@OLD_CHARACTER_SET_CLIENT */;
/*!40101 SET CHARACTER_SET_RESULTS=@OLD_CHARACTER_SET_RESULTS */;
/*!40101 SET COLLATION_CONNECTION=@OLD_COLLATION_CONNECTION */;
--
-- Dumping data for table `tables`
--

INSERT INTO `tables` (`id`, `description`, `name`, `sortNumber`) VALUES(1, 'ogrodek', 'ogrod 1', 1);
INSERT INTO `tables` (`id`, `description`, `name`, `sortNumber`) VALUES(2, 'ogrodek', 'ogrod 2', 1);
INSERT INTO `tables` (`id`, `description`, `name`, `sortNumber`) VALUES(3, 'ogrodek', 'ogrod 3', 1);
INSERT INTO `tables` (`id`, `description`, `name`, `sortNumber`) VALUES(4, 'ogrodek', 'ogrod 4', 1);
INSERT INTO `tables` (`id`, `description`, `name`, `sortNumber`) VALUES(5, 'ogrodek', 'ogrod 5', 1);
INSERT INTO `tables` (`id`, `description`, `name`, `sortNumber`) VALUES(6, 'piwnica', 'piwnica 1', -1);
INSERT INTO `tables` (`id`, `description`, `name`, `sortNumber`) VALUES(7, 'piwnica', 'piwnica 2', -1);
INSERT INTO `tables` (`id`, `description`, `name`, `sortNumber`) VALUES(8, 'piwnica', 'piwnica 3', -1);
INSERT INTO `tables` (`id`, `description`, `name`, `sortNumber`) VALUES(9, 'sala glowna', 'main 1', 0);
INSERT INTO `tables` (`id`, `description`, `name`, `sortNumber`) VALUES(10, 'sala glowna', 'main 2', 0);
INSERT INTO `tables` (`id`, `description`, `name`, `sortNumber`) VALUES(11, 'sala glowna', 'main 3', 0);
INSERT INTO `tables` (`id`, `description`, `name`, `sortNumber`) VALUES(12, 'sala glowna', 'main 4', 0);

/*!40101 SET CHARACTER_SET_CLIENT=@OLD_CHARACTER_SET_CLIENT */;
/*!40101 SET CHARACTER_SET_RESULTS=@OLD_CHARACTER_SET_RESULTS */;
/*!40101 SET COLLATION_CONNECTION=@OLD_COLLATION_CONNECTION */;


SET SQL_MODE = "NO_AUTO_VALUE_ON_ZERO";
SET time_zone = "+00:00";

/*!40101 SET @OLD_CHARACTER_SET_CLIENT=@@CHARACTER_SET_CLIENT */;
/*!40101 SET @OLD_CHARACTER_SET_RESULTS=@@CHARACTER_SET_RESULTS */;
/*!40101 SET @OLD_COLLATION_CONNECTION=@@COLLATION_CONNECTION */;
/*!40101 SET NAMES utf8mb4 */;

--
-- Dumping data for table `status`
--

INSERT INTO `status` (`id`, `description`, `name`, `sortNumber`) VALUES(1, 'zamowienie zaczete , w czasie wybierania, nie zamowione i nie wyslane', 'start', 1);
INSERT INTO `status` (`id`, `description`, `name`, `sortNumber`) VALUES(2, 'zamowienie wybrane i wyslane', 'zamowienie wyslane', 2);
INSERT INTO `status` (`id`, `description`, `name`, `sortNumber`) VALUES(3, 'oplacone i zamkniete finished', 'end', 8);
INSERT INTO `status` (`id`, `description`, `name`, `sortNumber`) VALUES(5, 'zamowienie potwierdzone przez kuchnie w realizacji', 'w realizacji', 3);
INSERT INTO `status` (`id`, `description`, `name`, `sortNumber`) VALUES(6, 'zamowienie wydane dla klienta', 'konsumpcja', 5);
INSERT INTO `status` (`id`, `description`, `name`, `sortNumber`) VALUES(7, 'zamowienie przygotowane przez kuchnie gotowe do wydania', 'zamowienie gotowe', 4);
INSERT INTO `status` (`id`, `description`, `name`, `sortNumber`) VALUES(8, 'zamknij zamowienie i oplac (wybierz forme zaplaty)', 'zapłać', 7);
INSERT INTO `status` (`id`, `description`, `name`, `sortNumber`) VALUES(9, 'zamówienie anulowane przez klienta', 'CanceledByClient', 9);
INSERT INTO `status` (`id`, `description`, `name`, `sortNumber`) VALUES(10, 'zamówienie anulowane przez restauracje', 'CanceledByRestaurant', 9);

/*!40101 SET CHARACTER_SET_CLIENT=@OLD_CHARACTER_SET_CLIENT */;
/*!40101 SET CHARACTER_SET_RESULTS=@OLD_CHARACTER_SET_RESULTS */;
/*!40101 SET COLLATION_CONNECTION=@OLD_COLLATION_CONNECTION */;

-- phpMyAdmin SQL Dump
-- version 4.5.4.1deb2ubuntu2
-- http://www.phpmyadmin.net
--
-- Host: localhost
-- Generation Time: Mar 14, 2018 at 12:19 AM
-- Server version: 5.7.21-0ubuntu0.16.04.1
-- PHP Version: 7.0.25-0ubuntu0.16.04.1

/*
SET SQL_MODE = "NO_AUTO_VALUE_ON_ZERO";
SET time_zone = "+00:00";
*/;

/*!40101 SET @OLD_CHARACTER_SET_CLIENT=@@CHARACTER_SET_CLIENT */;
/*!40101 SET @OLD_CHARACTER_SET_RESULTS=@@CHARACTER_SET_RESULTS */;
/*!40101 SET @OLD_COLLATION_CONNECTION=@@COLLATION_CONNECTION */;
/*!40101 SET NAMES utf8mb4 */;

--
-- Database: `restaurant`
--

--
-- Dumping data for table `category`
--

INSERT INTO `category` (`id`, `description`, `name`, `sortNumber` , `visible`) VALUES(1, 'cos do przegryzienia przed daniem głównym', 'Przystawki', 1, true);
INSERT INTO `category` (`id`, `description`, `name`, `sortNumber` , `visible`) VALUES(2, 'napoje zimne,ciepłe i alkoholowe', 'Napoje', 5,true);
INSERT INTO `category` (`id`, `description`, `name`, `sortNumber` , `visible`) VALUES(3, 'zupa zawsze dobra ', 'Zupa', NULL,true);
INSERT INTO `category` (`id`, `description`, `name`, `sortNumber` , `visible`) VALUES(4, 'kto jada sałatki ten piekny i gładki\r\nwarzywne,owocowe, miesne itd itp', 'Sałatki', NULL, true);
INSERT INTO `category` (`id`, `description`, `name`, `sortNumber` , `visible`) VALUES(5, 'danie głowne', 'Danie głowne', 3, true);
INSERT INTO `category` (`id`, `description`, `name`, `sortNumber` , `visible`) VALUES(6, 'cos słodkiego na ząbek', 'Desery', 5, true);
INSERT INTO `category` (`id`, `description`, `name`, `sortNumber` , `visible`) VALUES(7, 'dodatkowa', 'temp', 0, false);
INSERT INTO `category` (`id`, `description`, `name`, `sortNumber` , `visible`) VALUES(8, 'do edycjiiii', 'atemp', 0, false);

/*!40101 SET CHARACTER_SET_CLIENT=@OLD_CHARACTER_SET_CLIENT */;
/*!40101 SET CHARACTER_SET_RESULTS=@OLD_CHARACTER_SET_RESULTS */;
/*!40101 SET COLLATION_CONNECTION=@OLD_COLLATION_CONNECTION */;


-- phpMyAdmin SQL Dump
-- version 4.5.4.1deb2ubuntu2
-- http://www.phpmyadmin.net
--
-- Host: localhost
-- Generation Time: Mar 14, 2018 at 12:09 PM
-- Server version: 5.7.21-0ubuntu0.16.04.1
-- PHP Version: 7.0.25-0ubuntu0.16.04.1
/*
SET SQL_MODE = "NO_AUTO_VALUE_ON_ZERO";
SET time_zone = "+00:00";
*/;


/*!40101 SET @OLD_CHARACTER_SET_CLIENT=@@CHARACTER_SET_CLIENT */;
/*!40101 SET @OLD_CHARACTER_SET_RESULTS=@@CHARACTER_SET_RESULTS */;
/*!40101 SET @OLD_COLLATION_CONNECTION=@@COLLATION_CONNECTION */;
/*!40101 SET NAMES utf8mb4 */;

--
-- Database: `restaurant`
--

--
-- Dumping data for table `product`
--

INSERT INTO `product` (`id`, `allergent`, `available`, `description`, `name`, `photoUrl`, `price`, `sortNumber`, `videoUrl`, `category_id`) VALUES(1, 'Lotlux', b'0', 'Integer ac neque. Duis bibendum. Morbi non quam nec dui luctus rutrum. Nulla tellus. In sagittis dui vel nisl. Duis ac nibh. Fusce lacus purus, aliquet at, feugiat non, pretium quis, lectus.', 'Pray the Devil Back to Hell', 'http://dummyimage.com/231x251.jpg/dddddd/000000', 21.89, 70, NULL, 7);
INSERT INTO `product` (`id`, `allergent`, `available`, `description`, `name`, `photoUrl`, `price`, `sortNumber`, `videoUrl`, `category_id`) VALUES(2, 'Stronghold', b'0', 'Fusce posuere felis sed lacus. Morbi sem mauris, laoreet ut, rhoncus aliquet, pulvinar sed, nisl. Nunc rhoncus dui vel sem.', 'Koumiko Mystery, The (Mystère Koumiko, Le)', 'http://dummyimage.com/210x288.jpg/ff4444/ffffff', 14.22, 93, NULL, 1);
INSERT INTO `product` (`id`, `allergent`, `available`, `description`, `name`, `photoUrl`, `price`, `sortNumber`, `videoUrl`, `category_id`) VALUES(3, 'Sonair', b'0', 'Nullam orci pede, venenatis non, sodales sed, tincidunt eu, felis. Fusce posuere felis sed lacus. Morbi sem mauris, laoreet ut, rhoncus aliquet, pulvinar sed, nisl. Nunc rhoncus dui vel sem. Sed sagittis.', 'I Am Jesus', 'http://dummyimage.com/208x229.jpg/cc0000/ffffff', 6.91, 51, NULL, 2);
INSERT INTO `product` (`id`, `allergent`, `available`, `description`, `name`, `photoUrl`, `price`, `sortNumber`, `videoUrl`, `category_id`) VALUES(4, 'Keylex', b'0', 'Proin leo odio, porttitor id, consequat in, consequat ut, nulla. Sed accumsan felis. Ut at dolor quis odio consequat varius.', '8 Days to Premiere (8 päivää ensi-iltaan)', 'http://dummyimage.com/283x280.jpg/dddddd/000000', 39.18, 52, NULL, 3);
INSERT INTO `product` (`id`, `allergent`, `available`, `description`, `name`, `photoUrl`, `price`, `sortNumber`, `videoUrl`, `category_id`) VALUES(5, 'Asoka', b'0', 'Morbi quis tortor id nulla ultrices aliquet. Maecenas leo odio, condimentum id, luctus nec, molestie sed, justo. Pellentesque viverra pede ac diam. Cras pellentesque volutpat dui. Maecenas tristique, est et tempus semper, est quam pharetra magna, ac conse', 'Zero Hour!', 'http://dummyimage.com/251x296.jpg/5fa2dd/ffffff', 11.45, 19, NULL, 7);
INSERT INTO `product` (`id`, `allergent`, `available`, `description`, `name`, `photoUrl`, `price`, `sortNumber`, `videoUrl`, `category_id`) VALUES(6, 'Bamity', b'0', 'Nulla neque libero, convallis eget, eleifend luctus, ultricies eu, nibh. Quisque id justo sit amet sapien dignissim vestibulum. Vestibulum ante ipsum primis in faucibus orci luctus et ultrices posuere cubilia Curae; Nulla dapibus dolor vel est. Donec odio', 'Go Figure (Va savoir)', 'http://dummyimage.com/224x237.jpg/cc0000/ffffff', 26.81, 80, NULL, 5);
INSERT INTO `product` (`id`, `allergent`, `available`, `description`, `name`, `photoUrl`, `price`, `sortNumber`, `videoUrl`, `category_id`) VALUES(7, 'Sonsing', b'1', 'Nulla justo. Aliquam quis turpis eget elit sodales scelerisque. Mauris sit amet eros. Suspendisse accumsan tortor quis turpis. Sed ante. Vivamus tortor. Duis mattis egestas metus.', 'Twelve', 'http://dummyimage.com/291x222.jpg/5fa2dd/ffffff', 13.03, 1, NULL, 6);
INSERT INTO `product` (`id`, `allergent`, `available`, `description`, `name`, `photoUrl`, `price`, `sortNumber`, `videoUrl`, `category_id`) VALUES(8, 'Wrapsafe', b'1', 'Morbi non lectus. Aliquam sit amet diam in magna bibendum imperdiet. Nullam orci pede, venenatis non, sodales sed, tincidunt eu, felis.', 'Super Fly (Superfly)', 'http://dummyimage.com/275x208.jpg/dddddd/000000', 31.8, 32, NULL, 4);
INSERT INTO `product` (`id`, `allergent`, `available`, `description`, `name`, `photoUrl`, `price`, `sortNumber`, `videoUrl`, `category_id`) VALUES(9, 'Andalax', b'0', 'Integer ac neque. Duis bibendum. Morbi non quam nec dui luctus rutrum. Nulla tellus. In sagittis dui vel nisl. Duis ac nibh. Fusce lacus purus, aliquet at, feugiat non, pretium quis, lectus. Suspendisse potenti. In eleifend quam a odio. In hac habitasse p', 'Master of the House (Du skal ære din hustru) (Thou Shalt Honour Thy Wife)', 'http://dummyimage.com/231x237.jpg/ff4444/ffffff', 5.03, 55, NULL, 3);
INSERT INTO `product` (`id`, `allergent`, `available`, `description`, `name`, `photoUrl`, `price`, `sortNumber`, `videoUrl`, `category_id`) VALUES(10, 'Otcom', b'0', 'Donec vitae nisi. Nam ultrices, libero non mattis pulvinar, nulla pede ullamcorper augue, a suscipit nulla elit ac nulla. Sed vel enim sit amet nunc viverra dapibus. Nulla suscipit ligula in lacus.', 'Citizen Toxie: The Toxic Avenger IV', 'http://dummyimage.com/213x201.jpg/5fa2dd/ffffff', 14.71, 11, NULL, 6);
INSERT INTO `product` (`id`, `allergent`, `available`, `description`, `name`, `photoUrl`, `price`, `sortNumber`, `videoUrl`, `category_id`) VALUES(11, 'Holdlamis', b'1', 'Aenean sit amet justo. Morbi ut odio. Cras mi pede, malesuada in, imperdiet et, commodo vulputate, justo. In blandit ultrices enim. Lorem ipsum dolor sit amet, consectetuer adipiscing elit. Proin interdum mauris non ligula pellentesque ultrices. Phasellus', 'Primary', 'http://dummyimage.com/285x232.jpg/dddddd/000000', 15.58, 65, NULL, 7);
INSERT INTO `product` (`id`, `allergent`, `available`, `description`, `name`, `photoUrl`, `price`, `sortNumber`, `videoUrl`, `category_id`) VALUES(12, 'Otcom', b'0', 'Vivamus vestibulum sagittis sapien. Cum sociis natoque penatibus et magnis dis parturient montes, nascetur ridiculus mus. Etiam vel augue.', 'Over-Eater, The (L\'outremangeur)', 'http://dummyimage.com/262x285.jpg/5fa2dd/ffffff', 19.61, 74, NULL, 7);
INSERT INTO `product` (`id`, `allergent`, `available`, `description`, `name`, `photoUrl`, `price`, `sortNumber`, `videoUrl`, `category_id`) VALUES(13, 'Stringtough', b'0', 'Nam congue, risus semper porta volutpat, quam pede lobortis ligula, sit amet eleifend pede libero quis orci. Nullam molestie nibh in lectus. Pellentesque at nulla. Suspendisse potenti. Cras in purus eu magna vulputate luctus. Cum sociis natoque penatibus ', 'American Heist', 'http://dummyimage.com/266x244.jpg/5fa2dd/ffffff', 35.16, 51, NULL, 4);
INSERT INTO `product` (`id`, `allergent`, `available`, `description`, `name`, `photoUrl`, `price`, `sortNumber`, `videoUrl`, `category_id`) VALUES(14, 'Fixflex', b'1', 'In sagittis dui vel nisl. Duis ac nibh. Fusce lacus purus, aliquet at, feugiat non, pretium quis, lectus. Suspendisse potenti. In eleifend quam a odio. In hac habitasse platea dictumst. Maecenas ut massa quis augue luctus tincidunt. Nulla mollis molestie ', 'Coelacanth: The Fish That Time Forgot', 'http://dummyimage.com/283x292.jpg/cc0000/ffffff', 37.62, 51, NULL, 4);
INSERT INTO `product` (`id`, `allergent`, `available`, `description`, `name`, `photoUrl`, `price`, `sortNumber`, `videoUrl`, `category_id`) VALUES(15, 'Bitchip', b'1', 'Donec vitae nisi. Nam ultrices, libero non mattis pulvinar, nulla pede ullamcorper augue, a suscipit nulla elit ac nulla. Sed vel enim sit amet nunc viverra dapibus.', 'Crime After Crime', 'http://dummyimage.com/219x299.jpg/cc0000/ffffff', 35.68, 82, NULL, 2);
INSERT INTO `product` (`id`, `allergent`, `available`, `description`, `name`, `photoUrl`, `price`, `sortNumber`, `videoUrl`, `category_id`) VALUES(16, 'Wrapsafe', b'0', 'Nulla tellus. In sagittis dui vel nisl. Duis ac nibh. Fusce lacus purus, aliquet at, feugiat non, pretium quis, lectus.', 'Nathalie...', 'http://dummyimage.com/262x289.jpg/cc0000/ffffff', 54.04, 73, NULL, 2);
INSERT INTO `product` (`id`, `allergent`, `available`, `description`, `name`, `photoUrl`, `price`, `sortNumber`, `videoUrl`, `category_id`) VALUES(17, 'Zoolab', b'1', 'Suspendisse accumsan tortor quis turpis. Sed ante. Vivamus tortor.', 'Hunting Elephants', 'http://dummyimage.com/300x232.jpg/ff4444/ffffff', 25.01, 62, NULL, 2);
INSERT INTO `product` (`id`, `allergent`, `available`, `description`, `name`, `photoUrl`, `price`, `sortNumber`, `videoUrl`, `category_id`) VALUES(18, 'Trippledex', b'0', 'Cum sociis natoque penatibus et magnis dis parturient montes, nascetur ridiculus mus. Etiam vel augue. Vestibulum rutrum rutrum neque. Aenean auctor gravida sem. Praesent id massa id nisl venenatis lacinia. Aenean sit amet justo. Morbi ut odio. Cras mi pe', 'Raising Cain', 'http://dummyimage.com/262x211.jpg/dddddd/000000', 17.29, 24, NULL, 5);
INSERT INTO `product` (`id`, `allergent`, `available`, `description`, `name`, `photoUrl`, `price`, `sortNumber`, `videoUrl`, `category_id`) VALUES(19, 'Konklab', b'1', 'Fusce consequat. Nulla nisl. Nunc nisl.', 'Duellists, The', 'http://dummyimage.com/297x228.jpg/ff4444/ffffff', 12.84, 25, NULL, 2);
INSERT INTO `product` (`id`, `allergent`, `available`, `description`, `name`, `photoUrl`, `price`, `sortNumber`, `videoUrl`, `category_id`) VALUES(20, 'Otcom', b'0', 'Integer a nibh. In quis justo. Maecenas rhoncus aliquam lacus. Morbi quis tortor id nulla ultrices aliquet. Maecenas leo odio, condimentum id, luctus nec, molestie sed, justo. Pellentesque viverra pede ac diam. Cras pellentesque volutpat dui. Maecenas tri', 'Sybil', 'http://dummyimage.com/276x241.jpg/5fa2dd/ffffff', 18.48, 81, NULL, 3);
INSERT INTO `product` (`id`, `allergent`, `available`, `description`, `name`, `photoUrl`, `price`, `sortNumber`, `videoUrl`, `category_id`) VALUES(21, 'Sonsing', b'1', 'Vivamus tortor. Duis mattis egestas metus. Aenean fermentum. Donec ut mauris eget massa tempor convallis. Nulla neque libero, convallis eget, eleifend luctus, ultricies eu, nibh. Quisque id justo sit amet sapien dignissim vestibulum. Vestibulum ante ipsum', 'Popatopolis', 'http://dummyimage.com/261x236.jpg/ff4444/ffffff', 50.82, 39, NULL, 1);
INSERT INTO `product` (`id`, `allergent`, `available`, `description`, `name`, `photoUrl`, `price`, `sortNumber`, `videoUrl`, `category_id`) VALUES(22, 'Konklux', b'1', 'Vivamus in felis eu sapien cursus vestibulum. Proin eu mi. Nulla ac enim. In tempor, turpis nec euismod scelerisque, quam turpis adipiscing lorem, vitae mattis nibh ligula nec sem. Duis aliquam convallis nunc.', 'Promised Land', 'http://dummyimage.com/244x274.jpg/dddddd/000000', 41.88, 5, NULL, 5);
INSERT INTO `product` (`id`, `allergent`, `available`, `description`, `name`, `photoUrl`, `price`, `sortNumber`, `videoUrl`, `category_id`) VALUES(23, 'Bitwolf', b'1', 'Quisque id justo sit amet sapien dignissim vestibulum. Vestibulum ante ipsum primis in faucibus orci luctus et ultrices posuere cubilia Curae; Nulla dapibus dolor vel est. Donec odio justo, sollicitudin ut, suscipit a, feugiat et, eros. Vestibulum ac est ', 'Happy Feet', 'http://dummyimage.com/202x277.jpg/ff4444/ffffff', 48.15, 15, NULL, 1);
INSERT INTO `product` (`id`, `allergent`, `available`, `description`, `name`, `photoUrl`, `price`, `sortNumber`, `videoUrl`, `category_id`) VALUES(24, 'Redhold', b'1', 'Nulla facilisi. Cras non velit nec nisi vulputate nonummy. Maecenas tincidunt lacus at velit. Vivamus vel nulla eget eros elementum pellentesque. Quisque porta volutpat erat. Quisque erat eros, viverra eget, congue eget, semper rutrum, nulla. Nunc purus. ', 'Knocked Up', 'http://dummyimage.com/253x218.jpg/cc0000/ffffff', 48.61, 52, NULL, 7);
INSERT INTO `product` (`id`, `allergent`, `available`, `description`, `name`, `photoUrl`, `price`, `sortNumber`, `videoUrl`, `category_id`) VALUES(25, 'Pannier', b'0', 'Vestibulum ante ipsum primis in faucibus orci luctus et ultrices posuere cubilia Curae; Nulla dapibus dolor vel est. Donec odio justo, sollicitudin ut, suscipit a, feugiat et, eros. Vestibulum ac est lacinia nisi venenatis tristique.', 'City of Men (Cidade dos Homens)', 'http://dummyimage.com/265x227.jpg/ff4444/ffffff', 54.96, 6, NULL, 1);
INSERT INTO `product` (`id`, `allergent`, `available`, `description`, `name`, `photoUrl`, `price`, `sortNumber`, `videoUrl`, `category_id`) VALUES(26, 'Greenlam', b'0', 'Aenean lectus. Pellentesque eget nunc. Donec quis orci eget orci vehicula condimentum. Curabitur in libero ut massa volutpat convallis. Morbi odio odio, elementum eu, interdum eu, tincidunt in, leo.', 'Project X', 'http://dummyimage.com/293x294.jpg/cc0000/ffffff', 53.73, 15, NULL, 3);
INSERT INTO `product` (`id`, `allergent`, `available`, `description`, `name`, `photoUrl`, `price`, `sortNumber`, `videoUrl`, `category_id`) VALUES(27, 'Biodex', b'1', 'Nulla mollis molestie lorem. Quisque ut erat. Curabitur gravida nisi at nibh. In hac habitasse platea dictumst. Aliquam augue quam, sollicitudin vitae, consectetuer eget, rutrum at, lorem. Integer tincidunt ante vel ipsum. Praesent blandit lacinia erat. V', 'National Treasure: Book of Secrets', 'http://dummyimage.com/249x259.jpg/dddddd/000000', 46.76, 63, NULL, 4);
INSERT INTO `product` (`id`, `allergent`, `available`, `description`, `name`, `photoUrl`, `price`, `sortNumber`, `videoUrl`, `category_id`) VALUES(28, 'Daltfresh', b'1', 'Cras mi pede, malesuada in, imperdiet et, commodo vulputate, justo. In blandit ultrices enim. Lorem ipsum dolor sit amet, consectetuer adipiscing elit. Proin interdum mauris non ligula pellentesque ultrices. Phasellus id sapien in sapien iaculis congue. V', 'Statue of Liberty, The', 'http://dummyimage.com/225x232.jpg/dddddd/000000', 44.59, 21, NULL, 1);
INSERT INTO `product` (`id`, `allergent`, `available`, `description`, `name`, `photoUrl`, `price`, `sortNumber`, `videoUrl`, `category_id`) VALUES(29, 'Job', b'1', 'Nulla tellus. In sagittis dui vel nisl. Duis ac nibh. Fusce lacus purus, aliquet at, feugiat non, pretium quis, lectus. Suspendisse potenti. In eleifend quam a odio. In hac habitasse platea dictumst. Maecenas ut massa quis augue luctus tincidunt. Nulla mo', 'Oh, Woe Is Me (Hélas pour moi)', 'http://dummyimage.com/282x244.jpg/5fa2dd/ffffff', 7.18, 60, NULL, 3);
INSERT INTO `product` (`id`, `allergent`, `available`, `description`, `name`, `photoUrl`, `price`, `sortNumber`, `videoUrl`, `category_id`) VALUES(30, 'Tres-Zap', b'1', 'Duis ac nibh. Fusce lacus purus, aliquet at, feugiat non, pretium quis, lectus. Suspendisse potenti.', 'Other Voices, Other Rooms', 'http://dummyimage.com/289x278.jpg/ff4444/ffffff', 16.98, 33, NULL, 8);
INSERT INTO `product` (`id`, `allergent`, `available`, `description`, `name`, `photoUrl`, `price`, `sortNumber`, `videoUrl`, `category_id`) VALUES(31, 'Stronghold', b'0', 'Nulla suscipit ligula in lacus. Curabitur at ipsum ac tellus semper interdum. Mauris ullamcorper purus sit amet nulla. Quisque arcu libero, rutrum ac, lobortis vel, dapibus at, diam. Nam tristique tortor eu pede.', 'Big Knife, The', 'http://dummyimage.com/250x220.jpg/5fa2dd/ffffff', 27.57, 13, NULL, 2);
INSERT INTO `product` (`id`, `allergent`, `available`, `description`, `name`, `photoUrl`, `price`, `sortNumber`, `videoUrl`, `category_id`) VALUES(32, 'Fintone', b'1', 'In est risus, auctor sed, tristique in, tempus sit amet, sem. Fusce consequat. Nulla nisl. Nunc nisl. Duis bibendum, felis sed interdum venenatis, turpis enim blandit mi, in porttitor pede justo eu massa. Donec dapibus. Duis at velit eu est congue element', 'Call Her Savage', 'http://dummyimage.com/297x287.jpg/cc0000/ffffff', 42.71, 6, NULL, 3);
INSERT INTO `product` (`id`, `allergent`, `available`, `description`, `name`, `photoUrl`, `price`, `sortNumber`, `videoUrl`, `category_id`) VALUES(33, 'Holdlamis', b'0', 'Vivamus in felis eu sapien cursus vestibulum. Proin eu mi. Nulla ac enim. In tempor, turpis nec euismod scelerisque, quam turpis adipiscing lorem, vitae mattis nibh ligula nec sem.', 'Half Moon (a.k.a. Niwemang)', 'http://dummyimage.com/208x241.jpg/ff4444/ffffff', 19.78, 80, NULL, 2);
INSERT INTO `product` (`id`, `allergent`, `available`, `description`, `name`, `photoUrl`, `price`, `sortNumber`, `videoUrl`, `category_id`) VALUES(34, 'Quo Lux', b'1', 'Nunc purus. Phasellus in felis. Donec semper sapien a libero. Nam dui. Proin leo odio, porttitor id, consequat in, consequat ut, nulla. Sed accumsan felis. Ut at dolor quis odio consequat varius. Integer ac leo. Pellentesque ultrices mattis odio.', 'First Deadly Sin, The', 'http://dummyimage.com/200x240.jpg/cc0000/ffffff', 13.69, 70, NULL, 4);
INSERT INTO `product` (`id`, `allergent`, `available`, `description`, `name`, `photoUrl`, `price`, `sortNumber`, `videoUrl`, `category_id`) VALUES(35, 'Treeflex', b'0', 'Praesent blandit lacinia erat. Vestibulum sed magna at nunc commodo placerat. Praesent blandit. Nam nulla. Integer pede justo, lacinia eget, tincidunt eget, tempus vel, pede. Morbi porttitor lorem id ligula. Suspendisse ornare consequat lectus. In est ris', 'Three Musketeers, The', 'http://dummyimage.com/252x223.jpg/cc0000/ffffff', 24.29, 61, NULL, 7);
INSERT INTO `product` (`id`, `allergent`, `available`, `description`, `name`, `photoUrl`, `price`, `sortNumber`, `videoUrl`, `category_id`) VALUES(36, 'Voyatouch', b'0', 'Fusce lacus purus, aliquet at, feugiat non, pretium quis, lectus. Suspendisse potenti. In eleifend quam a odio. In hac habitasse platea dictumst.', 'War of the Worlds 2: The Next Wave', 'http://dummyimage.com/299x257.jpg/cc0000/ffffff', 56.12, 76, NULL, 2);
INSERT INTO `product` (`id`, `allergent`, `available`, `description`, `name`, `photoUrl`, `price`, `sortNumber`, `videoUrl`, `category_id`) VALUES(37, 'Veribet', b'1', 'Aliquam erat volutpat. In congue. Etiam justo. Etiam pretium iaculis justo. In hac habitasse platea dictumst.', 'Walker, The', 'http://dummyimage.com/231x223.jpg/cc0000/ffffff', 41.84, 67, NULL, 1);
INSERT INTO `product` (`id`, `allergent`, `available`, `description`, `name`, `photoUrl`, `price`, `sortNumber`, `videoUrl`, `category_id`) VALUES(38, 'Cardify', b'0', 'Quisque ut erat. Curabitur gravida nisi at nibh. In hac habitasse platea dictumst. Aliquam augue quam, sollicitudin vitae, consectetuer eget, rutrum at, lorem. Integer tincidunt ante vel ipsum. Praesent blandit lacinia erat.', 'Her', 'http://dummyimage.com/217x225.jpg/5fa2dd/ffffff', 41.9, 34, NULL, 6);
INSERT INTO `product` (`id`, `allergent`, `available`, `description`, `name`, `photoUrl`, `price`, `sortNumber`, `videoUrl`, `category_id`) VALUES(39, 'Bigtax', b'0', 'In blandit ultrices enim. Lorem ipsum dolor sit amet, consectetuer adipiscing elit. Proin interdum mauris non ligula pellentesque ultrices. Phasellus id sapien in sapien iaculis congue. Vivamus metus arcu, adipiscing molestie, hendrerit at, vulputate vita', 'Case of You, A', 'http://dummyimage.com/221x230.jpg/ff4444/ffffff', 7.73, 90, NULL, 1);
INSERT INTO `product` (`id`, `allergent`, `available`, `description`, `name`, `photoUrl`, `price`, `sortNumber`, `videoUrl`, `category_id`) VALUES(40, 'Ventosanzap', b'1', 'Quisque id justo sit amet sapien dignissim vestibulum. Vestibulum ante ipsum primis in faucibus orci luctus et ultrices posuere cubilia Curae; Nulla dapibus dolor vel est. Donec odio justo, sollicitudin ut, suscipit a, feugiat et, eros. Vestibulum ac est ', 'Come On, Rangers', 'http://dummyimage.com/296x227.jpg/dddddd/000000', 11.45, 2, NULL, 3);
INSERT INTO `product` (`id`, `allergent`, `available`, `description`, `name`, `photoUrl`, `price`, `sortNumber`, `videoUrl`, `category_id`) VALUES(41, 'Zaam-Dox', b'0', 'Cum sociis natoque penatibus et magnis dis parturient montes, nascetur ridiculus mus. Etiam vel augue. Vestibulum rutrum rutrum neque. Aenean auctor gravida sem. Praesent id massa id nisl venenatis lacinia. Aenean sit amet justo. Morbi ut odio.', 'Burn! (Queimada)', 'http://dummyimage.com/299x218.jpg/5fa2dd/ffffff', 41.3, 96, NULL, 4);
INSERT INTO `product` (`id`, `allergent`, `available`, `description`, `name`, `photoUrl`, `price`, `sortNumber`, `videoUrl`, `category_id`) VALUES(42, 'Stronghold', b'1', 'Suspendisse ornare consequat lectus. In est risus, auctor sed, tristique in, tempus sit amet, sem. Fusce consequat. Nulla nisl.', 'We Have a Pope (Habemus Papam)', 'http://dummyimage.com/296x296.jpg/dddddd/000000', 7.24, 91, NULL, 1);
INSERT INTO `product` (`id`, `allergent`, `available`, `description`, `name`, `photoUrl`, `price`, `sortNumber`, `videoUrl`, `category_id`) VALUES(43, 'Biodex', b'1', 'Mauris sit amet eros. Suspendisse accumsan tortor quis turpis. Sed ante. Vivamus tortor. Duis mattis egestas metus. Aenean fermentum. Donec ut mauris eget massa tempor convallis.', 'Around the World', 'http://dummyimage.com/201x254.jpg/dddddd/000000', 11.28, 54, NULL, 2);
INSERT INTO `product` (`id`, `allergent`, `available`, `description`, `name`, `photoUrl`, `price`, `sortNumber`, `videoUrl`, `category_id`) VALUES(44, 'Zaam-Dox', b'1', 'In congue. Etiam justo. Etiam pretium iaculis justo. In hac habitasse platea dictumst. Etiam faucibus cursus urna.', 'Affliction', 'http://dummyimage.com/288x208.jpg/dddddd/000000', 33.28, 31, NULL, 7);
INSERT INTO `product` (`id`, `allergent`, `available`, `description`, `name`, `photoUrl`, `price`, `sortNumber`, `videoUrl`, `category_id`) VALUES(45, 'Cookley', b'1', 'In hac habitasse platea dictumst. Aliquam augue quam, sollicitudin vitae, consectetuer eget, rutrum at, lorem. Integer tincidunt ante vel ipsum. Praesent blandit lacinia erat. Vestibulum sed magna at nunc commodo placerat.', 'Escobar: Paradise Lost', 'http://dummyimage.com/298x289.jpg/5fa2dd/ffffff', 39.3, 69, NULL, 1);
INSERT INTO `product` (`id`, `allergent`, `available`, `description`, `name`, `photoUrl`, `price`, `sortNumber`, `videoUrl`, `category_id`) VALUES(46, 'Stim', b'1', 'Quisque ut erat. Curabitur gravida nisi at nibh. In hac habitasse platea dictumst. Aliquam augue quam, sollicitudin vitae, consectetuer eget, rutrum at, lorem. Integer tincidunt ante vel ipsum. Praesent blandit lacinia erat. Vestibulum sed magna at nunc c', 'Under the Yum Yum Tree', 'http://dummyimage.com/289x298.jpg/cc0000/ffffff', 59.92, 40, NULL, 5);
INSERT INTO `product` (`id`, `allergent`, `available`, `description`, `name`, `photoUrl`, `price`, `sortNumber`, `videoUrl`, `category_id`) VALUES(47, 'Wrapsafe', b'0', 'Proin leo odio, porttitor id, consequat in, consequat ut, nulla. Sed accumsan felis. Ut at dolor quis odio consequat varius. Integer ac leo.', 'Star Wars: Episode I - The Phantom Menace', 'http://dummyimage.com/250x281.jpg/dddddd/000000', 50.31, 33, NULL, 3);
INSERT INTO `product` (`id`, `allergent`, `available`, `description`, `name`, `photoUrl`, `price`, `sortNumber`, `videoUrl`, `category_id`) VALUES(48, 'Transcof', b'1', 'Maecenas leo odio, condimentum id, luctus nec, molestie sed, justo. Pellentesque viverra pede ac diam. Cras pellentesque volutpat dui. Maecenas tristique, est et tempus semper, est quam pharetra magna, ac consequat metus sapien ut nunc. Vestibulum ante ip', 'Babe: Pig in the City', 'http://dummyimage.com/293x290.jpg/5fa2dd/ffffff', 45.29, 85, NULL, 1);
INSERT INTO `product` (`id`, `allergent`, `available`, `description`, `name`, `photoUrl`, `price`, `sortNumber`, `videoUrl`, `category_id`) VALUES(49, 'Tres-Zap', b'1', 'Ut tellus. Nulla ut erat id mauris vulputate elementum. Nullam varius. Nulla facilisi. Cras non velit nec nisi vulputate nonummy. Maecenas tincidunt lacus at velit.', 'Age of Dinosaurs', 'http://dummyimage.com/213x290.jpg/cc0000/ffffff', 29.6, 61, NULL, 2);
INSERT INTO `product` (`id`, `allergent`, `available`, `description`, `name`, `photoUrl`, `price`, `sortNumber`, `videoUrl`, `category_id`) VALUES(50, 'Flexidy', b'0', 'Etiam pretium iaculis justo. In hac habitasse platea dictumst. Etiam faucibus cursus urna. Ut tellus.', 'James Dean', 'http://dummyimage.com/252x277.jpg/dddddd/000000', 13.46, 95, NULL, 3);
INSERT INTO `product` (`id`, `allergent`, `available`, `description`, `name`, `photoUrl`, `price`, `sortNumber`, `videoUrl`, `category_id`) VALUES(51, 'Tres-Zap', b'1', 'Suspendisse accumsan tortor quis turpis. Sed ante. Vivamus tortor. Duis mattis egestas metus. Aenean fermentum. Donec ut mauris eget massa tempor convallis. Nulla neque libero, convallis eget, eleifend luctus, ultricies eu, nibh.', 'Pauline & Paulette (Pauline en Paulette)', 'http://dummyimage.com/261x294.jpg/5fa2dd/ffffff', 20.63, 59, NULL, 7);
INSERT INTO `product` (`id`, `allergent`, `available`, `description`, `name`, `photoUrl`, `price`, `sortNumber`, `videoUrl`, `category_id`) VALUES(52, 'Greenlam', b'1', 'Nullam varius. Nulla facilisi. Cras non velit nec nisi vulputate nonummy. Maecenas tincidunt lacus at velit. Vivamus vel nulla eget eros elementum pellentesque. Quisque porta volutpat erat. Quisque erat eros, viverra eget, congue eget, semper rutrum, null', 'Days of Heaven', 'http://dummyimage.com/212x234.jpg/5fa2dd/ffffff', 35.94, 96, NULL, 4);
INSERT INTO `product` (`id`, `allergent`, `available`, `description`, `name`, `photoUrl`, `price`, `sortNumber`, `videoUrl`, `category_id`) VALUES(53, 'Tresom', b'0', 'Proin risus. Praesent lectus. Vestibulum quam sapien, varius ut, blandit non, interdum in, ante. Vestibulum ante ipsum primis in faucibus orci luctus et ultrices posuere cubilia Curae; Duis faucibus accumsan odio. Curabitur convallis. Duis consequat dui n', 'Côte d\'Azur (Crustacés et coquillages)', 'http://dummyimage.com/297x249.jpg/ff4444/ffffff', 42.39, 36, NULL, 6);
INSERT INTO `product` (`id`, `allergent`, `available`, `description`, `name`, `photoUrl`, `price`, `sortNumber`, `videoUrl`, `category_id`) VALUES(54, 'Zamit', b'0', 'Nunc nisl. Duis bibendum, felis sed interdum venenatis, turpis enim blandit mi, in porttitor pede justo eu massa. Donec dapibus. Duis at velit eu est congue elementum. In hac habitasse platea dictumst. Morbi vestibulum, velit id pretium iaculis, diam erat', 'Richie Rich', 'http://dummyimage.com/243x290.jpg/dddddd/000000', 5.92, 84, NULL, 8);
INSERT INTO `product` (`id`, `allergent`, `available`, `description`, `name`, `photoUrl`, `price`, `sortNumber`, `videoUrl`, `category_id`) VALUES(55, 'Zoolab', b'0', 'Nulla facilisi. Cras non velit nec nisi vulputate nonummy. Maecenas tincidunt lacus at velit. Vivamus vel nulla eget eros elementum pellentesque. Quisque porta volutpat erat. Quisque erat eros, viverra eget, congue eget, semper rutrum, nulla.', 'Snow White', 'http://dummyimage.com/272x267.jpg/5fa2dd/ffffff', 30.21, 74, NULL, 2);
INSERT INTO `product` (`id`, `allergent`, `available`, `description`, `name`, `photoUrl`, `price`, `sortNumber`, `videoUrl`, `category_id`) VALUES(56, 'Sonair', b'0', 'Nulla facilisi. Cras non velit nec nisi vulputate nonummy. Maecenas tincidunt lacus at velit. Vivamus vel nulla eget eros elementum pellentesque. Quisque porta volutpat erat.', 'Charlie Bartlett', 'http://dummyimage.com/299x216.jpg/cc0000/ffffff', 57.16, 90, NULL, 4);
INSERT INTO `product` (`id`, `allergent`, `available`, `description`, `name`, `photoUrl`, `price`, `sortNumber`, `videoUrl`, `category_id`) VALUES(57, 'Cardguard', b'1', 'Integer non velit. Donec diam neque, vestibulum eget, vulputate ut, ultrices vel, augue. Vestibulum ante ipsum primis in faucibus orci luctus et ultrices posuere cubilia Curae; Donec pharetra, magna vestibulum aliquet ultrices, erat tortor sollicitudin mi', 'Every Night Dreams (Each Night I Dream) (Yogoto no yume)', 'http://dummyimage.com/239x224.jpg/cc0000/ffffff', 56.47, 61, NULL, 7);
INSERT INTO `product` (`id`, `allergent`, `available`, `description`, `name`, `photoUrl`, `price`, `sortNumber`, `videoUrl`, `category_id`) VALUES(58, 'Wrapsafe', b'1', 'Maecenas ut massa quis augue luctus tincidunt. Nulla mollis molestie lorem. Quisque ut erat. Curabitur gravida nisi at nibh. In hac habitasse platea dictumst. Aliquam augue quam, sollicitudin vitae, consectetuer eget, rutrum at, lorem. Integer tincidunt a', 'I Am (Jestem)', 'http://dummyimage.com/277x209.jpg/cc0000/ffffff', 23, 93, NULL, 6);
INSERT INTO `product` (`id`, `allergent`, `available`, `description`, `name`, `photoUrl`, `price`, `sortNumber`, `videoUrl`, `category_id`) VALUES(59, 'Ventosanzap', b'1', 'Vestibulum ante ipsum primis in faucibus orci luctus et ultrices posuere cubilia Curae; Mauris viverra diam vitae quam. Suspendisse potenti. Nullam porttitor lacus at turpis. Donec posuere metus vitae ipsum. Aliquam non mauris. Morbi non lectus. Aliquam s', 'Métamorphose des cloportes, La', 'http://dummyimage.com/233x298.jpg/dddddd/000000', 55.29, 10, NULL, 6);
INSERT INTO `product` (`id`, `allergent`, `available`, `description`, `name`, `photoUrl`, `price`, `sortNumber`, `videoUrl`, `category_id`) VALUES(60, 'Konklab', b'0', 'Vivamus tortor. Duis mattis egestas metus. Aenean fermentum. Donec ut mauris eget massa tempor convallis.', 'Cat\'s Meow, The', 'http://dummyimage.com/267x300.jpg/dddddd/000000', 53.61, 64, NULL, 4);
INSERT INTO `product` (`id`, `allergent`, `available`, `description`, `name`, `photoUrl`, `price`, `sortNumber`, `videoUrl`, `category_id`) VALUES(61, 'Zontrax', b'0', 'Cras in purus eu magna vulputate luctus. Cum sociis natoque penatibus et magnis dis parturient montes, nascetur ridiculus mus. Vivamus vestibulum sagittis sapien. Cum sociis natoque penatibus et magnis dis parturient montes, nascetur ridiculus mus. Etiam ', 'Princess of Montpensier, The (La princesse de Montpensier)', 'http://dummyimage.com/222x239.jpg/cc0000/ffffff', 10.54, 88, NULL, 8);
INSERT INTO `product` (`id`, `allergent`, `available`, `description`, `name`, `photoUrl`, `price`, `sortNumber`, `videoUrl`, `category_id`) VALUES(62, 'Temp', b'0', 'In hac habitasse platea dictumst. Maecenas ut massa quis augue luctus tincidunt. Nulla mollis molestie lorem. Quisque ut erat. Curabitur gravida nisi at nibh.', 'Bis zum Ellenbogen', 'http://dummyimage.com/222x262.jpg/dddddd/000000', 25.71, 24, NULL, 5);
INSERT INTO `product` (`id`, `allergent`, `available`, `description`, `name`, `photoUrl`, `price`, `sortNumber`, `videoUrl`, `category_id`) VALUES(63, 'Bitwolf', b'1', 'In congue. Etiam justo. Etiam pretium iaculis justo. In hac habitasse platea dictumst. Etiam faucibus cursus urna.', 'Amateur, The', 'http://dummyimage.com/236x269.jpg/5fa2dd/ffffff', 19.35, 95, NULL, 7);
INSERT INTO `product` (`id`, `allergent`, `available`, `description`, `name`, `photoUrl`, `price`, `sortNumber`, `videoUrl`, `category_id`) VALUES(64, 'Latlux', b'0', 'Sed sagittis. Nam congue, risus semper porta volutpat, quam pede lobortis ligula, sit amet eleifend pede libero quis orci. Nullam molestie nibh in lectus.', 'Ernest Rides Again', 'http://dummyimage.com/211x200.jpg/dddddd/000000', 46.5, 62, NULL, 6);
INSERT INTO `product` (`id`, `allergent`, `available`, `description`, `name`, `photoUrl`, `price`, `sortNumber`, `videoUrl`, `category_id`) VALUES(65, 'Konklab', b'1', 'Nulla tellus. In sagittis dui vel nisl. Duis ac nibh.', 'Crane World (Mundo grúa)', 'http://dummyimage.com/208x242.jpg/dddddd/000000', 17.26, 73, NULL, 1);
INSERT INTO `product` (`id`, `allergent`, `available`, `description`, `name`, `photoUrl`, `price`, `sortNumber`, `videoUrl`, `category_id`) VALUES(66, 'Sub-Ex', b'0', 'In congue. Etiam justo. Etiam pretium iaculis justo. In hac habitasse platea dictumst.', 'One on One', 'http://dummyimage.com/247x297.jpg/dddddd/000000', 59.97, 38, NULL, 3);
INSERT INTO `product` (`id`, `allergent`, `available`, `description`, `name`, `photoUrl`, `price`, `sortNumber`, `videoUrl`, `category_id`) VALUES(67, 'Sub-Ex', b'1', 'Fusce consequat. Nulla nisl. Nunc nisl. Duis bibendum, felis sed interdum venenatis, turpis enim blandit mi, in porttitor pede justo eu massa. Donec dapibus. Duis at velit eu est congue elementum. In hac habitasse platea dictumst.', 'Planet of Dinosaurs', 'http://dummyimage.com/269x283.jpg/ff4444/ffffff', 14.95, 10, NULL, 6);
INSERT INTO `product` (`id`, `allergent`, `available`, `description`, `name`, `photoUrl`, `price`, `sortNumber`, `videoUrl`, `category_id`) VALUES(68, 'Domainer', b'1', 'In est risus, auctor sed, tristique in, tempus sit amet, sem. Fusce consequat. Nulla nisl. Nunc nisl. Duis bibendum, felis sed interdum venenatis, turpis enim blandit mi, in porttitor pede justo eu massa. Donec dapibus. Duis at velit eu est congue element', 'The Happy Road', 'http://dummyimage.com/241x211.jpg/dddddd/000000', 18.16, 49, NULL, 1);
INSERT INTO `product` (`id`, `allergent`, `available`, `description`, `name`, `photoUrl`, `price`, `sortNumber`, `videoUrl`, `category_id`) VALUES(69, 'Toughjoyfax', b'0', 'Nulla mollis molestie lorem. Quisque ut erat. Curabitur gravida nisi at nibh.', 'Songs From the Second Floor (Sånger från andra våningen)', 'http://dummyimage.com/261x202.jpg/5fa2dd/ffffff', 35.35, 85, NULL, 2);
INSERT INTO `product` (`id`, `allergent`, `available`, `description`, `name`, `photoUrl`, `price`, `sortNumber`, `videoUrl`, `category_id`) VALUES(70, 'Voyatouch', b'1', 'Lorem ipsum dolor sit amet, consectetuer adipiscing elit. Proin interdum mauris non ligula pellentesque ultrices. Phasellus id sapien in sapien iaculis congue. Vivamus metus arcu, adipiscing molestie, hendrerit at, vulputate vitae, nisl. Aenean lectus. Pe', 'They Made Me a Criminal (I Became a Criminal) (They Made Me a Fugitive)', 'http://dummyimage.com/250x208.jpg/5fa2dd/ffffff', 12.39, 40, NULL, 5);
INSERT INTO `product` (`id`, `allergent`, `available`, `description`, `name`, `photoUrl`, `price`, `sortNumber`, `videoUrl`, `category_id`) VALUES(71, 'Gembucket', b'0', 'Sed ante. Vivamus tortor. Duis mattis egestas metus. Aenean fermentum.', 'Target', 'http://dummyimage.com/231x247.jpg/cc0000/ffffff', 16.81, 32, NULL, 2);
INSERT INTO `product` (`id`, `allergent`, `available`, `description`, `name`, `photoUrl`, `price`, `sortNumber`, `videoUrl`, `category_id`) VALUES(72, 'Cookley', b'0', 'Sed accumsan felis. Ut at dolor quis odio consequat varius. Integer ac leo. Pellentesque ultrices mattis odio. Donec vitae nisi. Nam ultrices, libero non mattis pulvinar, nulla pede ullamcorper augue, a suscipit nulla elit ac nulla.', 'Crowd Roars, The', 'http://dummyimage.com/291x232.jpg/5fa2dd/ffffff', 43.48, 76, NULL, 1);
INSERT INTO `product` (`id`, `allergent`, `available`, `description`, `name`, `photoUrl`, `price`, `sortNumber`, `videoUrl`, `category_id`) VALUES(73, 'Zathin', b'1', 'Morbi odio odio, elementum eu, interdum eu, tincidunt in, leo. Maecenas pulvinar lobortis est. Phasellus sit amet erat. Nulla tempus. Vivamus in felis eu sapien cursus vestibulum. Proin eu mi.', 'Wildcat, The (Die Bergkatze)', 'http://dummyimage.com/216x250.jpg/dddddd/000000', 16.53, 47, NULL, 1);
INSERT INTO `product` (`id`, `allergent`, `available`, `description`, `name`, `photoUrl`, `price`, `sortNumber`, `videoUrl`, `category_id`) VALUES(74, 'Opela', b'0', 'Nullam varius. Nulla facilisi. Cras non velit nec nisi vulputate nonummy. Maecenas tincidunt lacus at velit. Vivamus vel nulla eget eros elementum pellentesque.', 'E.T. the Extra-Terrestrial', 'http://dummyimage.com/247x206.jpg/5fa2dd/ffffff', 49.45, 80, NULL, 1);
INSERT INTO `product` (`id`, `allergent`, `available`, `description`, `name`, `photoUrl`, `price`, `sortNumber`, `videoUrl`, `category_id`) VALUES(75, 'Domainer', b'0', 'Nunc nisl. Duis bibendum, felis sed interdum venenatis, turpis enim blandit mi, in porttitor pede justo eu massa. Donec dapibus. Duis at velit eu est congue elementum. In hac habitasse platea dictumst. Morbi vestibulum, velit id pretium iaculis, diam erat', 'Hold Back the Dawn', 'http://dummyimage.com/260x262.jpg/5fa2dd/ffffff', 45.01, 60, NULL, 1);
INSERT INTO `product` (`id`, `allergent`, `available`, `description`, `name`, `photoUrl`, `price`, `sortNumber`, `videoUrl`, `category_id`) VALUES(76, 'Quo Lux', b'0', 'Ut at dolor quis odio consequat varius. Integer ac leo. Pellentesque ultrices mattis odio. Donec vitae nisi.', 'Jew in the Lotus, The', 'http://dummyimage.com/274x291.jpg/5fa2dd/ffffff', 6.44, 20, NULL, 6);
INSERT INTO `product` (`id`, `allergent`, `available`, `description`, `name`, `photoUrl`, `price`, `sortNumber`, `videoUrl`, `category_id`) VALUES(77, 'Bitchip', b'0', 'Donec quis orci eget orci vehicula condimentum. Curabitur in libero ut massa volutpat convallis. Morbi odio odio, elementum eu, interdum eu, tincidunt in, leo. Maecenas pulvinar lobortis est. Phasellus sit amet erat. Nulla tempus. Vivamus in felis eu sapi', 'Follow the Bitch', 'http://dummyimage.com/281x272.jpg/cc0000/ffffff', 46.06, 18, NULL, 8);
INSERT INTO `product` (`id`, `allergent`, `available`, `description`, `name`, `photoUrl`, `price`, `sortNumber`, `videoUrl`, `category_id`) VALUES(78, 'Zoolab', b'0', 'Nulla justo. Aliquam quis turpis eget elit sodales scelerisque. Mauris sit amet eros.', 'Ceremony', 'http://dummyimage.com/204x263.jpg/cc0000/ffffff', 55.36, 4, NULL, 3);
INSERT INTO `product` (`id`, `allergent`, `available`, `description`, `name`, `photoUrl`, `price`, `sortNumber`, `videoUrl`, `category_id`) VALUES(79, 'Pannier', b'0', 'Morbi non quam nec dui luctus rutrum. Nulla tellus. In sagittis dui vel nisl.', 'Splinterheads', 'http://dummyimage.com/258x208.jpg/dddddd/000000', 39.28, 60, NULL, 5);
INSERT INTO `product` (`id`, `allergent`, `available`, `description`, `name`, `photoUrl`, `price`, `sortNumber`, `videoUrl`, `category_id`) VALUES(80, 'Regrant', b'1', 'Phasellus sit amet erat. Nulla tempus. Vivamus in felis eu sapien cursus vestibulum. Proin eu mi. Nulla ac enim.', 'Gamera vs. Gyaos (Daikaijû kûchûsen: Gamera tai Gyaosu)', 'http://dummyimage.com/260x236.jpg/5fa2dd/ffffff', 57.97, 23, NULL, 4);
INSERT INTO `product` (`id`, `allergent`, `available`, `description`, `name`, `photoUrl`, `price`, `sortNumber`, `videoUrl`, `category_id`) VALUES(81, 'Solarbreeze', b'0', 'Donec ut dolor. Morbi vel lectus in quam fringilla rhoncus. Mauris enim leo, rhoncus sed, vestibulum sit amet, cursus id, turpis. Integer aliquet, massa id lobortis convallis, tortor risus dapibus augue, vel accumsan tellus nisi eu orci. Mauris lacinia sa', 'Onibaba', 'http://dummyimage.com/203x273.jpg/cc0000/ffffff', 39.03, 77, NULL, 4);
INSERT INTO `product` (`id`, `allergent`, `available`, `description`, `name`, `photoUrl`, `price`, `sortNumber`, `videoUrl`, `category_id`) VALUES(82, 'Toughjoyfax', b'1', 'Cum sociis natoque penatibus et magnis dis parturient montes, nascetur ridiculus mus. Etiam vel augue. Vestibulum rutrum rutrum neque. Aenean auctor gravida sem. Praesent id massa id nisl venenatis lacinia. Aenean sit amet justo. Morbi ut odio.', 'Double Wedding', 'http://dummyimage.com/241x237.jpg/ff4444/ffffff', 10.3, 75, NULL, 3);
INSERT INTO `product` (`id`, `allergent`, `available`, `description`, `name`, `photoUrl`, `price`, `sortNumber`, `videoUrl`, `category_id`) VALUES(83, 'Cookley', b'1', 'Nullam molestie nibh in lectus. Pellentesque at nulla. Suspendisse potenti. Cras in purus eu magna vulputate luctus. Cum sociis natoque penatibus et magnis dis parturient montes, nascetur ridiculus mus.', 'Million Dollar Arm', 'http://dummyimage.com/246x271.jpg/dddddd/000000', 41.38, 64, NULL, 1);
INSERT INTO `product` (`id`, `allergent`, `available`, `description`, `name`, `photoUrl`, `price`, `sortNumber`, `videoUrl`, `category_id`) VALUES(84, 'Lotstring', b'0', 'Fusce lacus purus, aliquet at, feugiat non, pretium quis, lectus. Suspendisse potenti. In eleifend quam a odio. In hac habitasse platea dictumst. Maecenas ut massa quis augue luctus tincidunt. Nulla mollis molestie lorem. Quisque ut erat. Curabitur gravid', 'Wizard of Baghdad, The', 'http://dummyimage.com/287x200.jpg/ff4444/ffffff', 9.47, 56, NULL, 7);
INSERT INTO `product` (`id`, `allergent`, `available`, `description`, `name`, `photoUrl`, `price`, `sortNumber`, `videoUrl`, `category_id`) VALUES(85, 'Voyatouch', b'1', 'In quis justo. Maecenas rhoncus aliquam lacus. Morbi quis tortor id nulla ultrices aliquet. Maecenas leo odio, condimentum id, luctus nec, molestie sed, justo. Pellentesque viverra pede ac diam. Cras pellentesque volutpat dui. Maecenas tristique, est et t', 'Rollo and the Woods Sprite (Rölli ja metsänhenki)', 'http://dummyimage.com/277x299.jpg/cc0000/ffffff', 41.05, 25, NULL, 1);
INSERT INTO `product` (`id`, `allergent`, `available`, `description`, `name`, `photoUrl`, `price`, `sortNumber`, `videoUrl`, `category_id`) VALUES(86, 'Vagram', b'1', 'In eleifend quam a odio. In hac habitasse platea dictumst. Maecenas ut massa quis augue luctus tincidunt. Nulla mollis molestie lorem. Quisque ut erat. Curabitur gravida nisi at nibh. In hac habitasse platea dictumst. Aliquam augue quam, sollicitudin vita', 'Late Marriage (Hatuna Meuheret)', 'http://dummyimage.com/229x244.jpg/cc0000/ffffff', 16.12, 28, NULL, 6);
INSERT INTO `product` (`id`, `allergent`, `available`, `description`, `name`, `photoUrl`, `price`, `sortNumber`, `videoUrl`, `category_id`) VALUES(87, 'Fix San', b'0', 'Proin leo odio, porttitor id, consequat in, consequat ut, nulla. Sed accumsan felis. Ut at dolor quis odio consequat varius. Integer ac leo. Pellentesque ultrices mattis odio. Donec vitae nisi.', 'Miracle Woman, The', 'http://dummyimage.com/258x219.jpg/cc0000/ffffff', 32.19, 83, NULL, 5);
INSERT INTO `product` (`id`, `allergent`, `available`, `description`, `name`, `photoUrl`, `price`, `sortNumber`, `videoUrl`, `category_id`) VALUES(88, 'Trippledex', b'0', 'In congue. Etiam justo. Etiam pretium iaculis justo. In hac habitasse platea dictumst. Etiam faucibus cursus urna. Ut tellus. Nulla ut erat id mauris vulputate elementum. Nullam varius.', 'Trash', 'http://dummyimage.com/227x239.jpg/ff4444/ffffff', 28.89, 40, NULL, 4);
INSERT INTO `product` (`id`, `allergent`, `available`, `description`, `name`, `photoUrl`, `price`, `sortNumber`, `videoUrl`, `category_id`) VALUES(89, 'Zathin', b'0', 'Nullam varius. Nulla facilisi. Cras non velit nec nisi vulputate nonummy. Maecenas tincidunt lacus at velit. Vivamus vel nulla eget eros elementum pellentesque. Quisque porta volutpat erat.', 'Christmas in July', 'http://dummyimage.com/283x219.jpg/dddddd/000000', 37.03, 100, NULL, 3);
INSERT INTO `product` (`id`, `allergent`, `available`, `description`, `name`, `photoUrl`, `price`, `sortNumber`, `videoUrl`, `category_id`) VALUES(90, 'Hatity', b'1', 'Nulla mollis molestie lorem. Quisque ut erat. Curabitur gravida nisi at nibh. In hac habitasse platea dictumst. Aliquam augue quam, sollicitudin vitae, consectetuer eget, rutrum at, lorem. Integer tincidunt ante vel ipsum. Praesent blandit lacinia erat. V', 'iSteve', 'http://dummyimage.com/203x269.jpg/5fa2dd/ffffff', 30.54, 86, NULL, 2);
INSERT INTO `product` (`id`, `allergent`, `available`, `description`, `name`, `photoUrl`, `price`, `sortNumber`, `videoUrl`, `category_id`) VALUES(91, 'Holdlamis', b'0', 'Donec ut dolor. Morbi vel lectus in quam fringilla rhoncus. Mauris enim leo, rhoncus sed, vestibulum sit amet, cursus id, turpis. Integer aliquet, massa id lobortis convallis, tortor risus dapibus augue, vel accumsan tellus nisi eu orci. Mauris lacinia sa', 'Rough Riders', 'http://dummyimage.com/238x238.jpg/5fa2dd/ffffff', 25.81, 92, NULL, 1);
INSERT INTO `product` (`id`, `allergent`, `available`, `description`, `name`, `photoUrl`, `price`, `sortNumber`, `videoUrl`, `category_id`) VALUES(92, 'Ventosanzap', b'1', 'Nam congue, risus semper porta volutpat, quam pede lobortis ligula, sit amet eleifend pede libero quis orci. Nullam molestie nibh in lectus. Pellentesque at nulla. Suspendisse potenti. Cras in purus eu magna vulputate luctus. Cum sociis natoque penatibus ', 'God\'s Comedy (A Comédia de Deus)', 'http://dummyimage.com/221x278.jpg/5fa2dd/ffffff', 18.08, 57, NULL, 3);
INSERT INTO `product` (`id`, `allergent`, `available`, `description`, `name`, `photoUrl`, `price`, `sortNumber`, `videoUrl`, `category_id`) VALUES(93, 'Daltfresh', b'1', 'Nam dui. Proin leo odio, porttitor id, consequat in, consequat ut, nulla. Sed accumsan felis. Ut at dolor quis odio consequat varius. Integer ac leo. Pellentesque ultrices mattis odio.', 'Berlin Babylon', 'http://dummyimage.com/213x221.jpg/5fa2dd/ffffff', 55.92, 73, NULL, 1);
INSERT INTO `product` (`id`, `allergent`, `available`, `description`, `name`, `photoUrl`, `price`, `sortNumber`, `videoUrl`, `category_id`) VALUES(94, 'Tin', b'0', 'Nunc purus. Phasellus in felis. Donec semper sapien a libero. Nam dui. Proin leo odio, porttitor id, consequat in, consequat ut, nulla. Sed accumsan felis. Ut at dolor quis odio consequat varius.', 'Kennedys, The', 'http://dummyimage.com/260x217.jpg/cc0000/ffffff', 57.38, 56, NULL, 4);
INSERT INTO `product` (`id`, `allergent`, `available`, `description`, `name`, `photoUrl`, `price`, `sortNumber`, `videoUrl`, `category_id`) VALUES(95, 'Andalax', b'0', 'Vestibulum sed magna at nunc commodo placerat. Praesent blandit. Nam nulla. Integer pede justo, lacinia eget, tincidunt eget, tempus vel, pede.', 'They Came to Cordura', 'http://dummyimage.com/291x201.jpg/cc0000/ffffff', 59.73, 93, NULL, 2);
INSERT INTO `product` (`id`, `allergent`, `available`, `description`, `name`, `photoUrl`, `price`, `sortNumber`, `videoUrl`, `category_id`) VALUES(96, 'Veribet', b'1', 'Proin at turpis a pede posuere nonummy. Integer non velit. Donec diam neque, vestibulum eget, vulputate ut, ultrices vel, augue. Vestibulum ante ipsum primis in faucibus orci luctus et ultrices posuere cubilia Curae; Donec pharetra, magna vestibulum aliqu', 'Hui Buh: The Castle Ghost', 'http://dummyimage.com/209x272.jpg/ff4444/ffffff', 48.05, 14, NULL, 6);
INSERT INTO `product` (`id`, `allergent`, `available`, `description`, `name`, `photoUrl`, `price`, `sortNumber`, `videoUrl`, `category_id`) VALUES(97, 'Latlux', b'1', 'Praesent lectus. Vestibulum quam sapien, varius ut, blandit non, interdum in, ante. Vestibulum ante ipsum primis in faucibus orci luctus et ultrices posuere cubilia Curae; Duis faucibus accumsan odio. Curabitur convallis. Duis consequat dui nec nisi volut', 'Knick Knack', 'http://dummyimage.com/229x261.jpg/ff4444/ffffff', 18.95, 64, NULL, 3);
INSERT INTO `product` (`id`, `allergent`, `available`, `description`, `name`, `photoUrl`, `price`, `sortNumber`, `videoUrl`, `category_id`) VALUES(98, 'Kanlam', b'1', 'Suspendisse ornare consequat lectus. In est risus, auctor sed, tristique in, tempus sit amet, sem. Fusce consequat. Nulla nisl.', 'The Last Wagon', 'http://dummyimage.com/205x240.jpg/dddddd/000000', 6.95, 1, NULL, 4);
INSERT INTO `product` (`id`, `allergent`, `available`, `description`, `name`, `photoUrl`, `price`, `sortNumber`, `videoUrl`, `category_id`) VALUES(99, 'Job', b'0', 'Morbi non quam nec dui luctus rutrum. Nulla tellus. In sagittis dui vel nisl. Duis ac nibh. Fusce lacus purus, aliquet at, feugiat non, pretium quis, lectus. Suspendisse potenti. In eleifend quam a odio. In hac habitasse platea dictumst.', '5th Day of Peace (Dio è con noi)', 'http://dummyimage.com/273x288.jpg/dddddd/000000', 13.29, 8, NULL, 7);
INSERT INTO `product` (`id`, `allergent`, `available`, `description`, `name`, `photoUrl`, `price`, `sortNumber`, `videoUrl`, `category_id`) VALUES(100, 'Namfix', b'1', 'Aenean auctor gravida sem. Praesent id massa id nisl venenatis lacinia. Aenean sit amet justo. Morbi ut odio. Cras mi pede, malesuada in, imperdiet et, commodo vulputate, justo. In blandit ultrices enim. Lorem ipsum dolor sit amet, consectetuer adipiscing', 'Cloudy with a Chance of Meatballs', 'http://dummyimage.com/242x206.jpg/ff4444/ffffff', 55.63, 93, NULL, 1);
INSERT INTO `product` (`id`, `allergent`, `available`, `description`, `name`, `photoUrl`, `price`, `sortNumber`, `videoUrl`, `category_id`) VALUES(101, 'Zathin', b'0', 'Mauris enim leo, rhoncus sed, vestibulum sit amet, cursus id, turpis. Integer aliquet, massa id lobortis convallis, tortor risus dapibus augue, vel accumsan tellus nisi eu orci. Mauris lacinia sapien quis libero. Nullam sit amet turpis elementum ligula ve', 'Quarry, The', 'http://dummyimage.com/294x227.jpg/ff4444/ffffff', 21.07, 83, NULL, 8);
INSERT INTO `product` (`id`, `allergent`, `available`, `description`, `name`, `photoUrl`, `price`, `sortNumber`, `videoUrl`, `category_id`) VALUES(102, 'Redhold', b'1', 'Pellentesque at nulla. Suspendisse potenti. Cras in purus eu magna vulputate luctus. Cum sociis natoque penatibus et magnis dis parturient montes, nascetur ridiculus mus. Vivamus vestibulum sagittis sapien. Cum sociis natoque penatibus et magnis dis partu', 'Friday', 'http://dummyimage.com/292x263.jpg/cc0000/ffffff', 18.57, 22, NULL, 3);
INSERT INTO `product` (`id`, `allergent`, `available`, `description`, `name`, `photoUrl`, `price`, `sortNumber`, `videoUrl`, `category_id`) VALUES(103, 'Voyatouch', b'0', 'Morbi vel lectus in quam fringilla rhoncus. Mauris enim leo, rhoncus sed, vestibulum sit amet, cursus id, turpis. Integer aliquet, massa id lobortis convallis, tortor risus dapibus augue, vel accumsan tellus nisi eu orci. Mauris lacinia sapien quis libero', 'Open Up to Me (Kerron sinulle kaiken)', 'http://dummyimage.com/200x210.jpg/5fa2dd/ffffff', 24.35, 29, NULL, 8);
INSERT INTO `product` (`id`, `allergent`, `available`, `description`, `name`, `photoUrl`, `price`, `sortNumber`, `videoUrl`, `category_id`) VALUES(104, 'Trippledex', b'0', 'Quisque porta volutpat erat. Quisque erat eros, viverra eget, congue eget, semper rutrum, nulla. Nunc purus. Phasellus in felis. Donec semper sapien a libero. Nam dui.', 'Hurlyburly', 'http://dummyimage.com/268x282.jpg/cc0000/ffffff', 5.26, 30, NULL, 1);
INSERT INTO `product` (`id`, `allergent`, `available`, `description`, `name`, `photoUrl`, `price`, `sortNumber`, `videoUrl`, `category_id`) VALUES(105, 'Holdlamis', b'1', 'Nunc rhoncus dui vel sem. Sed sagittis. Nam congue, risus semper porta volutpat, quam pede lobortis ligula, sit amet eleifend pede libero quis orci. Nullam molestie nibh in lectus. Pellentesque at nulla. Suspendisse potenti. Cras in purus eu magna vulputa', 'Masters of the Universe', 'http://dummyimage.com/231x275.jpg/dddddd/000000', 20.44, 81, NULL, 5);
INSERT INTO `product` (`id`, `allergent`, `available`, `description`, `name`, `photoUrl`, `price`, `sortNumber`, `videoUrl`, `category_id`) VALUES(106, 'Domainer', b'1', 'Mauris enim leo, rhoncus sed, vestibulum sit amet, cursus id, turpis. Integer aliquet, massa id lobortis convallis, tortor risus dapibus augue, vel accumsan tellus nisi eu orci. Mauris lacinia sapien quis libero. Nullam sit amet turpis elementum ligula ve', 'Kind of Loving, A', 'http://dummyimage.com/277x251.jpg/dddddd/000000', 7.77, 73, NULL, 2);
INSERT INTO `product` (`id`, `allergent`, `available`, `description`, `name`, `photoUrl`, `price`, `sortNumber`, `videoUrl`, `category_id`) VALUES(107, 'Toughjoyfax', b'0', 'Etiam pretium iaculis justo. In hac habitasse platea dictumst. Etiam faucibus cursus urna. Ut tellus. Nulla ut erat id mauris vulputate elementum. Nullam varius. Nulla facilisi. Cras non velit nec nisi vulputate nonummy. Maecenas tincidunt lacus at velit.', 'Death of a Salesman', 'http://dummyimage.com/283x274.jpg/5fa2dd/ffffff', 37.93, 17, NULL, 3);
INSERT INTO `product` (`id`, `allergent`, `available`, `description`, `name`, `photoUrl`, `price`, `sortNumber`, `videoUrl`, `category_id`) VALUES(108, 'Stim', b'0', 'Aliquam quis turpis eget elit sodales scelerisque. Mauris sit amet eros. Suspendisse accumsan tortor quis turpis. Sed ante. Vivamus tortor. Duis mattis egestas metus. Aenean fermentum.', 'Rollercoaster', 'http://dummyimage.com/226x208.jpg/ff4444/ffffff', 42.9, 92, NULL, 3);
INSERT INTO `product` (`id`, `allergent`, `available`, `description`, `name`, `photoUrl`, `price`, `sortNumber`, `videoUrl`, `category_id`) VALUES(109, 'Bigtax', b'1', 'Vivamus vel nulla eget eros elementum pellentesque. Quisque porta volutpat erat. Quisque erat eros, viverra eget, congue eget, semper rutrum, nulla. Nunc purus. Phasellus in felis. Donec semper sapien a libero. Nam dui. Proin leo odio, porttitor id, conse', 'Gaucho, The', 'http://dummyimage.com/251x268.jpg/5fa2dd/ffffff', 33.64, 23, NULL, 6);
INSERT INTO `product` (`id`, `allergent`, `available`, `description`, `name`, `photoUrl`, `price`, `sortNumber`, `videoUrl`, `category_id`) VALUES(110, 'Sonair', b'1', 'Mauris lacinia sapien quis libero. Nullam sit amet turpis elementum ligula vehicula consequat. Morbi a ipsum. Integer a nibh.', 'Scent of Green Papaya, The (Mùi du du xhan - L\'odeur de la papaye verte)', 'http://dummyimage.com/258x230.jpg/dddddd/000000', 54.94, 7, NULL, 8);
INSERT INTO `product` (`id`, `allergent`, `available`, `description`, `name`, `photoUrl`, `price`, `sortNumber`, `videoUrl`, `category_id`) VALUES(111, 'Overhold', b'0', 'Pellentesque ultrices mattis odio. Donec vitae nisi. Nam ultrices, libero non mattis pulvinar, nulla pede ullamcorper augue, a suscipit nulla elit ac nulla. Sed vel enim sit amet nunc viverra dapibus. Nulla suscipit ligula in lacus. Curabitur at ipsum ac ', 'Summertime', 'http://dummyimage.com/220x224.jpg/cc0000/ffffff', 19.14, 2, NULL, 5);
INSERT INTO `product` (`id`, `allergent`, `available`, `description`, `name`, `photoUrl`, `price`, `sortNumber`, `videoUrl`, `category_id`) VALUES(112, 'Job', b'0', 'Fusce congue, diam id ornare imperdiet, sapien urna pretium nisl, ut volutpat sapien arcu sed augue. Aliquam erat volutpat. In congue. Etiam justo.', 'Bones Brigade: An Autobiography', 'http://dummyimage.com/294x204.jpg/5fa2dd/ffffff', 33.06, 21, NULL, 3);
INSERT INTO `product` (`id`, `allergent`, `available`, `description`, `name`, `photoUrl`, `price`, `sortNumber`, `videoUrl`, `category_id`) VALUES(113, 'Quo Lux', b'0', 'Aliquam non mauris. Morbi non lectus. Aliquam sit amet diam in magna bibendum imperdiet. Nullam orci pede, venenatis non, sodales sed, tincidunt eu, felis.', 'The Magnificent Trio', 'http://dummyimage.com/248x236.jpg/ff4444/ffffff', 29.64, 77, NULL, 4);
INSERT INTO `product` (`id`, `allergent`, `available`, `description`, `name`, `photoUrl`, `price`, `sortNumber`, `videoUrl`, `category_id`) VALUES(114, 'It', b'1', 'Duis consequat dui nec nisi volutpat eleifend. Donec ut dolor. Morbi vel lectus in quam fringilla rhoncus. Mauris enim leo, rhoncus sed, vestibulum sit amet, cursus id, turpis. Integer aliquet, massa id lobortis convallis, tortor risus dapibus augue, vel ', 'Company of Wolves, The', 'http://dummyimage.com/230x263.jpg/ff4444/ffffff', 42.28, 63, NULL, 7);
INSERT INTO `product` (`id`, `allergent`, `available`, `description`, `name`, `photoUrl`, `price`, `sortNumber`, `videoUrl`, `category_id`) VALUES(115, 'Vagram', b'0', 'Nullam sit amet turpis elementum ligula vehicula consequat. Morbi a ipsum. Integer a nibh. In quis justo. Maecenas rhoncus aliquam lacus. Morbi quis tortor id nulla ultrices aliquet. Maecenas leo odio, condimentum id, luctus nec, molestie sed, justo. Pell', 'Chicago Massacre: Richard Speck', 'http://dummyimage.com/299x298.jpg/5fa2dd/ffffff', 31.91, 28, NULL, 1);
INSERT INTO `product` (`id`, `allergent`, `available`, `description`, `name`, `photoUrl`, `price`, `sortNumber`, `videoUrl`, `category_id`) VALUES(116, 'Home Ing', b'0', 'Nullam porttitor lacus at turpis. Donec posuere metus vitae ipsum. Aliquam non mauris. Morbi non lectus. Aliquam sit amet diam in magna bibendum imperdiet. Nullam orci pede, venenatis non, sodales sed, tincidunt eu, felis. Fusce posuere felis sed lacus. M', 'O Amor das Três Romãs', 'http://dummyimage.com/291x276.jpg/cc0000/ffffff', 32.25, 64, NULL, 8);
INSERT INTO `product` (`id`, `allergent`, `available`, `description`, `name`, `photoUrl`, `price`, `sortNumber`, `videoUrl`, `category_id`) VALUES(117, 'Daltfresh', b'1', 'Vivamus vestibulum sagittis sapien. Cum sociis natoque penatibus et magnis dis parturient montes, nascetur ridiculus mus. Etiam vel augue. Vestibulum rutrum rutrum neque. Aenean auctor gravida sem. Praesent id massa id nisl venenatis lacinia. Aenean sit a', 'Michael the Brave (Mihai Viteazul)', 'http://dummyimage.com/204x277.jpg/cc0000/ffffff', 36.71, 33, NULL, 1);
INSERT INTO `product` (`id`, `allergent`, `available`, `description`, `name`, `photoUrl`, `price`, `sortNumber`, `videoUrl`, `category_id`) VALUES(118, 'Tempsoft', b'0', 'Maecenas leo odio, condimentum id, luctus nec, molestie sed, justo. Pellentesque viverra pede ac diam. Cras pellentesque volutpat dui. Maecenas tristique, est et tempus semper, est quam pharetra magna, ac consequat metus sapien ut nunc. Vestibulum ante ip', 'Waking Madison ', 'http://dummyimage.com/259x277.jpg/dddddd/000000', 58.97, 30, NULL, 7);
INSERT INTO `product` (`id`, `allergent`, `available`, `description`, `name`, `photoUrl`, `price`, `sortNumber`, `videoUrl`, `category_id`) VALUES(119, 'Alphazap', b'1', 'Curabitur in libero ut massa volutpat convallis. Morbi odio odio, elementum eu, interdum eu, tincidunt in, leo. Maecenas pulvinar lobortis est. Phasellus sit amet erat. Nulla tempus. Vivamus in felis eu sapien cursus vestibulum. Proin eu mi. Nulla ac enim', 'Missing in Action', 'http://dummyimage.com/270x231.jpg/cc0000/ffffff', 34.04, 40, NULL, 1);
INSERT INTO `product` (`id`, `allergent`, `available`, `description`, `name`, `photoUrl`, `price`, `sortNumber`, `videoUrl`, `category_id`) VALUES(120, 'Duobam', b'1', 'Aliquam non mauris. Morbi non lectus. Aliquam sit amet diam in magna bibendum imperdiet. Nullam orci pede, venenatis non, sodales sed, tincidunt eu, felis. Fusce posuere felis sed lacus. Morbi sem mauris, laoreet ut, rhoncus aliquet, pulvinar sed, nisl.', 'Freaked', 'http://dummyimage.com/278x267.jpg/dddddd/000000', 14.97, 25, NULL, 3);
INSERT INTO `product` (`id`, `allergent`, `available`, `description`, `name`, `photoUrl`, `price`, `sortNumber`, `videoUrl`, `category_id`) VALUES(121, 'Home Ing', b'0', 'Pellentesque viverra pede ac diam. Cras pellentesque volutpat dui. Maecenas tristique, est et tempus semper, est quam pharetra magna, ac consequat metus sapien ut nunc. Vestibulum ante ipsum primis in faucibus orci luctus et ultrices posuere cubilia Curae', 'Pretty Bird', 'http://dummyimage.com/254x264.jpg/5fa2dd/ffffff', 57.88, 2, NULL, 8);
INSERT INTO `product` (`id`, `allergent`, `available`, `description`, `name`, `photoUrl`, `price`, `sortNumber`, `videoUrl`, `category_id`) VALUES(122, 'Zoolab', b'0', 'Morbi ut odio. Cras mi pede, malesuada in, imperdiet et, commodo vulputate, justo. In blandit ultrices enim. Lorem ipsum dolor sit amet, consectetuer adipiscing elit.', 'Guru', 'http://dummyimage.com/234x294.jpg/cc0000/ffffff', 59.2, 52, NULL, 5);
INSERT INTO `product` (`id`, `allergent`, `available`, `description`, `name`, `photoUrl`, `price`, `sortNumber`, `videoUrl`, `category_id`) VALUES(123, 'Y-find', b'1', 'Duis consequat dui nec nisi volutpat eleifend. Donec ut dolor. Morbi vel lectus in quam fringilla rhoncus. Mauris enim leo, rhoncus sed, vestibulum sit amet, cursus id, turpis. Integer aliquet, massa id lobortis convallis, tortor risus dapibus augue, vel ', 'Fearless', 'http://dummyimage.com/291x200.jpg/cc0000/ffffff', 6.76, 29, NULL, 3);
INSERT INTO `product` (`id`, `allergent`, `available`, `description`, `name`, `photoUrl`, `price`, `sortNumber`, `videoUrl`, `category_id`) VALUES(124, 'Otcom', b'0', 'Donec posuere metus vitae ipsum. Aliquam non mauris. Morbi non lectus. Aliquam sit amet diam in magna bibendum imperdiet. Nullam orci pede, venenatis non, sodales sed, tincidunt eu, felis. Fusce posuere felis sed lacus. Morbi sem mauris, laoreet ut, rhonc', 'Miami Rhapsody', 'http://dummyimage.com/237x200.jpg/dddddd/000000', 50.52, 33, NULL, 5);
INSERT INTO `product` (`id`, `allergent`, `available`, `description`, `name`, `photoUrl`, `price`, `sortNumber`, `videoUrl`, `category_id`) VALUES(125, 'Prodder', b'1', 'Suspendisse potenti. Nullam porttitor lacus at turpis. Donec posuere metus vitae ipsum. Aliquam non mauris. Morbi non lectus.', 'G Men', 'http://dummyimage.com/224x202.jpg/ff4444/ffffff', 46.66, 93, NULL, 2);
INSERT INTO `product` (`id`, `allergent`, `available`, `description`, `name`, `photoUrl`, `price`, `sortNumber`, `videoUrl`, `category_id`) VALUES(126, 'Stim', b'1', 'Integer aliquet, massa id lobortis convallis, tortor risus dapibus augue, vel accumsan tellus nisi eu orci. Mauris lacinia sapien quis libero. Nullam sit amet turpis elementum ligula vehicula consequat. Morbi a ipsum. Integer a nibh. In quis justo.', 'Witches of Eastwick, The', 'http://dummyimage.com/251x201.jpg/cc0000/ffffff', 16.64, 15, NULL, 8);
INSERT INTO `product` (`id`, `allergent`, `available`, `description`, `name`, `photoUrl`, `price`, `sortNumber`, `videoUrl`, `category_id`) VALUES(127, 'Biodex', b'0', 'Pellentesque viverra pede ac diam. Cras pellentesque volutpat dui. Maecenas tristique, est et tempus semper, est quam pharetra magna, ac consequat metus sapien ut nunc. Vestibulum ante ipsum primis in faucibus orci luctus et ultrices posuere cubilia Curae', 'Big Red One, The', 'http://dummyimage.com/287x244.jpg/dddddd/000000', 42.34, 94, NULL, 1);
INSERT INTO `product` (`id`, `allergent`, `available`, `description`, `name`, `photoUrl`, `price`, `sortNumber`, `videoUrl`, `category_id`) VALUES(128, 'Sub-Ex', b'1', 'Morbi porttitor lorem id ligula. Suspendisse ornare consequat lectus. In est risus, auctor sed, tristique in, tempus sit amet, sem.', 'Mr. Skeffington', 'http://dummyimage.com/215x234.jpg/ff4444/ffffff', 50.99, 10, NULL, 1);
INSERT INTO `product` (`id`, `allergent`, `available`, `description`, `name`, `photoUrl`, `price`, `sortNumber`, `videoUrl`, `category_id`) VALUES(129, 'Solarbreeze', b'0', 'Vivamus tortor. Duis mattis egestas metus. Aenean fermentum. Donec ut mauris eget massa tempor convallis. Nulla neque libero, convallis eget, eleifend luctus, ultricies eu, nibh.', 'Incubus', 'http://dummyimage.com/295x261.jpg/ff4444/ffffff', 53.41, 76, NULL, 3);
INSERT INTO `product` (`id`, `allergent`, `available`, `description`, `name`, `photoUrl`, `price`, `sortNumber`, `videoUrl`, `category_id`) VALUES(130, 'Stim', b'1', 'Pellentesque at nulla. Suspendisse potenti. Cras in purus eu magna vulputate luctus.', 'Pastoral Hide and Seek (Den-en ni shisu)', 'http://dummyimage.com/289x286.jpg/cc0000/ffffff', 8.65, 40, NULL, 7);
INSERT INTO `product` (`id`, `allergent`, `available`, `description`, `name`, `photoUrl`, `price`, `sortNumber`, `videoUrl`, `category_id`) VALUES(131, 'Trippledex', b'1', 'Mauris sit amet eros. Suspendisse accumsan tortor quis turpis. Sed ante. Vivamus tortor.', 'Fighting Seabees, The', 'http://dummyimage.com/279x219.jpg/ff4444/ffffff', 42.21, 66, NULL, 1);
INSERT INTO `product` (`id`, `allergent`, `available`, `description`, `name`, `photoUrl`, `price`, `sortNumber`, `videoUrl`, `category_id`) VALUES(132, 'Vagram', b'0', 'Donec ut dolor. Morbi vel lectus in quam fringilla rhoncus. Mauris enim leo, rhoncus sed, vestibulum sit amet, cursus id, turpis. Integer aliquet, massa id lobortis convallis, tortor risus dapibus augue, vel accumsan tellus nisi eu orci. Mauris lacinia sa', 'Kidnapping of the President, The', 'http://dummyimage.com/244x222.jpg/cc0000/ffffff', 51.39, 84, NULL, 1);
INSERT INTO `product` (`id`, `allergent`, `available`, `description`, `name`, `photoUrl`, `price`, `sortNumber`, `videoUrl`, `category_id`) VALUES(133, 'Flexidy', b'0', 'Duis aliquam convallis nunc. Proin at turpis a pede posuere nonummy. Integer non velit. Donec diam neque, vestibulum eget, vulputate ut, ultrices vel, augue. Vestibulum ante ipsum primis in faucibus orci luctus et ultrices posuere cubilia Curae; Donec pha', 'Mr. Skeffington', 'http://dummyimage.com/295x234.jpg/dddddd/000000', 17.96, 43, NULL, 1);
INSERT INTO `product` (`id`, `allergent`, `available`, `description`, `name`, `photoUrl`, `price`, `sortNumber`, `videoUrl`, `category_id`) VALUES(134, 'Biodex', b'0', 'Phasellus sit amet erat. Nulla tempus. Vivamus in felis eu sapien cursus vestibulum. Proin eu mi.', 'Clerks', 'http://dummyimage.com/207x266.jpg/ff4444/ffffff', 51.32, 53, NULL, 7);
INSERT INTO `product` (`id`, `allergent`, `available`, `description`, `name`, `photoUrl`, `price`, `sortNumber`, `videoUrl`, `category_id`) VALUES(135, 'Bigtax', b'1', 'Aenean sit amet justo. Morbi ut odio. Cras mi pede, malesuada in, imperdiet et, commodo vulputate, justo. In blandit ultrices enim.', 'Jaws 2', 'http://dummyimage.com/263x294.jpg/dddddd/000000', 46.75, 30, NULL, 8);
INSERT INTO `product` (`id`, `allergent`, `available`, `description`, `name`, `photoUrl`, `price`, `sortNumber`, `videoUrl`, `category_id`) VALUES(136, 'Subin', b'0', 'Duis aliquam convallis nunc. Proin at turpis a pede posuere nonummy. Integer non velit. Donec diam neque, vestibulum eget, vulputate ut, ultrices vel, augue. Vestibulum ante ipsum primis in faucibus orci luctus et ultrices posuere cubilia Curae; Donec pha', 'P.S. I Love You', 'http://dummyimage.com/262x281.jpg/ff4444/ffffff', 54.54, 69, NULL, 3);
INSERT INTO `product` (`id`, `allergent`, `available`, `description`, `name`, `photoUrl`, `price`, `sortNumber`, `videoUrl`, `category_id`) VALUES(137, 'Subin', b'0', 'Proin risus. Praesent lectus. Vestibulum quam sapien, varius ut, blandit non, interdum in, ante. Vestibulum ante ipsum primis in faucibus orci luctus et ultrices posuere cubilia Curae; Duis faucibus accumsan odio. Curabitur convallis. Duis consequat dui n', 'Battle for Marjah, The', 'http://dummyimage.com/275x283.jpg/5fa2dd/ffffff', 53.03, 62, NULL, 6);
INSERT INTO `product` (`id`, `allergent`, `available`, `description`, `name`, `photoUrl`, `price`, `sortNumber`, `videoUrl`, `category_id`) VALUES(138, 'Holdlamis', b'0', 'Maecenas ut massa quis augue luctus tincidunt. Nulla mollis molestie lorem. Quisque ut erat. Curabitur gravida nisi at nibh. In hac habitasse platea dictumst. Aliquam augue quam, sollicitudin vitae, consectetuer eget, rutrum at, lorem. Integer tincidunt a', 'Flame and Citron (Flammen & Citronen)', 'http://dummyimage.com/290x266.jpg/dddddd/000000', 43.21, 77, NULL, 2);
INSERT INTO `product` (`id`, `allergent`, `available`, `description`, `name`, `photoUrl`, `price`, `sortNumber`, `videoUrl`, `category_id`) VALUES(139, 'Vagram', b'1', 'Proin at turpis a pede posuere nonummy. Integer non velit. Donec diam neque, vestibulum eget, vulputate ut, ultrices vel, augue. Vestibulum ante ipsum primis in faucibus orci luctus et ultrices posuere cubilia Curae; Donec pharetra, magna vestibulum aliqu', 'Titicut Follies', 'http://dummyimage.com/288x245.jpg/cc0000/ffffff', 39.79, 93, NULL, 7);
INSERT INTO `product` (`id`, `allergent`, `available`, `description`, `name`, `photoUrl`, `price`, `sortNumber`, `videoUrl`, `category_id`) VALUES(140, 'Voyatouch', b'0', 'Proin at turpis a pede posuere nonummy. Integer non velit. Donec diam neque, vestibulum eget, vulputate ut, ultrices vel, augue. Vestibulum ante ipsum primis in faucibus orci luctus et ultrices posuere cubilia Curae; Donec pharetra, magna vestibulum aliqu', 'Babette Goes to War', 'http://dummyimage.com/229x260.jpg/5fa2dd/ffffff', 28.36, 30, NULL, 8);
INSERT INTO `product` (`id`, `allergent`, `available`, `description`, `name`, `photoUrl`, `price`, `sortNumber`, `videoUrl`, `category_id`) VALUES(141, 'Bigtax', b'1', 'Sed accumsan felis. Ut at dolor quis odio consequat varius. Integer ac leo. Pellentesque ultrices mattis odio. Donec vitae nisi. Nam ultrices, libero non mattis pulvinar, nulla pede ullamcorper augue, a suscipit nulla elit ac nulla. Sed vel enim sit amet ', 'Beverly Hills Ninja', 'http://dummyimage.com/256x202.jpg/ff4444/ffffff', 57.51, 95, NULL, 6);
INSERT INTO `product` (`id`, `allergent`, `available`, `description`, `name`, `photoUrl`, `price`, `sortNumber`, `videoUrl`, `category_id`) VALUES(142, 'Trippledex', b'1', 'Cras pellentesque volutpat dui. Maecenas tristique, est et tempus semper, est quam pharetra magna, ac consequat metus sapien ut nunc. Vestibulum ante ipsum primis in faucibus orci luctus et ultrices posuere cubilia Curae; Mauris viverra diam vitae quam. S', 'River of No Return', 'http://dummyimage.com/257x248.jpg/cc0000/ffffff', 34.82, 93, NULL, 6);
INSERT INTO `product` (`id`, `allergent`, `available`, `description`, `name`, `photoUrl`, `price`, `sortNumber`, `videoUrl`, `category_id`) VALUES(143, 'Stronghold', b'0', 'Nullam varius. Nulla facilisi. Cras non velit nec nisi vulputate nonummy. Maecenas tincidunt lacus at velit. Vivamus vel nulla eget eros elementum pellentesque. Quisque porta volutpat erat. Quisque erat eros, viverra eget, congue eget, semper rutrum, null', 'California Split', 'http://dummyimage.com/245x294.jpg/cc0000/ffffff', 54.97, 28, NULL, 6);
INSERT INTO `product` (`id`, `allergent`, `available`, `description`, `name`, `photoUrl`, `price`, `sortNumber`, `videoUrl`, `category_id`) VALUES(144, 'Cardguard', b'1', 'Praesent blandit lacinia erat. Vestibulum sed magna at nunc commodo placerat. Praesent blandit. Nam nulla. Integer pede justo, lacinia eget, tincidunt eget, tempus vel, pede. Morbi porttitor lorem id ligula. Suspendisse ornare consequat lectus.', 'Pervert\'s Guide to Ideology, The', 'http://dummyimage.com/204x231.jpg/5fa2dd/ffffff', 53.68, 21, NULL, 1);
INSERT INTO `product` (`id`, `allergent`, `available`, `description`, `name`, `photoUrl`, `price`, `sortNumber`, `videoUrl`, `category_id`) VALUES(145, 'Stronghold', b'1', 'Nulla tempus. Vivamus in felis eu sapien cursus vestibulum. Proin eu mi. Nulla ac enim. In tempor, turpis nec euismod scelerisque, quam turpis adipiscing lorem, vitae mattis nibh ligula nec sem. Duis aliquam convallis nunc. Proin at turpis a pede posuere ', 'Saving Private Ryan', 'http://dummyimage.com/252x209.jpg/5fa2dd/ffffff', 21.84, 20, NULL, 5);
INSERT INTO `product` (`id`, `allergent`, `available`, `description`, `name`, `photoUrl`, `price`, `sortNumber`, `videoUrl`, `category_id`) VALUES(146, 'Asoka', b'0', 'Lorem ipsum dolor sit amet, consectetuer adipiscing elit. Proin interdum mauris non ligula pellentesque ultrices. Phasellus id sapien in sapien iaculis congue. Vivamus metus arcu, adipiscing molestie, hendrerit at, vulputate vitae, nisl. Aenean lectus.', 'Class of 1999', 'http://dummyimage.com/207x285.jpg/ff4444/ffffff', 26.58, 15, NULL, 8);
INSERT INTO `product` (`id`, `allergent`, `available`, `description`, `name`, `photoUrl`, `price`, `sortNumber`, `videoUrl`, `category_id`) VALUES(147, 'Stronghold', b'0', 'Integer tincidunt ante vel ipsum. Praesent blandit lacinia erat. Vestibulum sed magna at nunc commodo placerat. Praesent blandit. Nam nulla. Integer pede justo, lacinia eget, tincidunt eget, tempus vel, pede. Morbi porttitor lorem id ligula. Suspendisse o', 'Marion Bridge', 'http://dummyimage.com/273x267.jpg/dddddd/000000', 13.06, 33, NULL, 6);
INSERT INTO `product` (`id`, `allergent`, `available`, `description`, `name`, `photoUrl`, `price`, `sortNumber`, `videoUrl`, `category_id`) VALUES(148, 'Redhold', b'1', 'Donec semper sapien a libero. Nam dui. Proin leo odio, porttitor id, consequat in, consequat ut, nulla. Sed accumsan felis. Ut at dolor quis odio consequat varius. Integer ac leo.', 'Dead Ringer', 'http://dummyimage.com/243x251.jpg/5fa2dd/ffffff', 59.53, 76, NULL, 2);
INSERT INTO `product` (`id`, `allergent`, `available`, `description`, `name`, `photoUrl`, `price`, `sortNumber`, `videoUrl`, `category_id`) VALUES(149, 'Flowdesk', b'1', 'Vestibulum ante ipsum primis in faucibus orci luctus et ultrices posuere cubilia Curae; Nulla dapibus dolor vel est. Donec odio justo, sollicitudin ut, suscipit a, feugiat et, eros. Vestibulum ac est lacinia nisi venenatis tristique. Fusce congue, diam id', 'The Hire: Chosen', 'http://dummyimage.com/201x249.jpg/ff4444/ffffff', 17.03, 15, NULL, 5);
INSERT INTO `product` (`id`, `allergent`, `available`, `description`, `name`, `photoUrl`, `price`, `sortNumber`, `videoUrl`, `category_id`) VALUES(150, 'Asoka', b'0', 'Morbi a ipsum. Integer a nibh. In quis justo. Maecenas rhoncus aliquam lacus. Morbi quis tortor id nulla ultrices aliquet. Maecenas leo odio, condimentum id, luctus nec, molestie sed, justo.', 'Vääpeli Körmy - Taisteluni', 'http://dummyimage.com/285x227.jpg/cc0000/ffffff', 25.39, 90, NULL, 2);
INSERT INTO `product` (`id`, `allergent`, `available`, `description`, `name`, `photoUrl`, `price`, `sortNumber`, `videoUrl`, `category_id`) VALUES(151, 'Sonair', b'1', 'Maecenas leo odio, condimentum id, luctus nec, molestie sed, justo. Pellentesque viverra pede ac diam. Cras pellentesque volutpat dui. Maecenas tristique, est et tempus semper, est quam pharetra magna, ac consequat metus sapien ut nunc. Vestibulum ante ip', 'Traffic (Trafic)', 'http://dummyimage.com/221x276.jpg/dddddd/000000', 49.44, 9, NULL, 5);
INSERT INTO `product` (`id`, `allergent`, `available`, `description`, `name`, `photoUrl`, `price`, `sortNumber`, `videoUrl`, `category_id`) VALUES(152, 'Ventosanzap', b'0', 'Morbi vestibulum, velit id pretium iaculis, diam erat fermentum justo, nec condimentum neque sapien placerat ante. Nulla justo. Aliquam quis turpis eget elit sodales scelerisque. Mauris sit amet eros. Suspendisse accumsan tortor quis turpis.', 'Kandahar (Safar e Ghandehar)', 'http://dummyimage.com/202x284.jpg/5fa2dd/ffffff', 52.09, 35, NULL, 5);
INSERT INTO `product` (`id`, `allergent`, `available`, `description`, `name`, `photoUrl`, `price`, `sortNumber`, `videoUrl`, `category_id`) VALUES(153, 'Andalax', b'0', 'Morbi odio odio, elementum eu, interdum eu, tincidunt in, leo. Maecenas pulvinar lobortis est. Phasellus sit amet erat. Nulla tempus. Vivamus in felis eu sapien cursus vestibulum. Proin eu mi.', 'Vuonna 85', 'http://dummyimage.com/264x295.jpg/dddddd/000000', 52.65, 59, NULL, 8);
INSERT INTO `product` (`id`, `allergent`, `available`, `description`, `name`, `photoUrl`, `price`, `sortNumber`, `videoUrl`, `category_id`) VALUES(154, 'Domainer', b'1', 'In est risus, auctor sed, tristique in, tempus sit amet, sem. Fusce consequat. Nulla nisl. Nunc nisl. Duis bibendum, felis sed interdum venenatis, turpis enim blandit mi, in porttitor pede justo eu massa. Donec dapibus.', 'Midnight in Paris', 'http://dummyimage.com/242x260.jpg/ff4444/ffffff', 12.55, 61, NULL, 4);
INSERT INTO `product` (`id`, `allergent`, `available`, `description`, `name`, `photoUrl`, `price`, `sortNumber`, `videoUrl`, `category_id`) VALUES(155, 'Quo Lux', b'1', 'Aenean fermentum. Donec ut mauris eget massa tempor convallis. Nulla neque libero, convallis eget, eleifend luctus, ultricies eu, nibh. Quisque id justo sit amet sapien dignissim vestibulum. Vestibulum ante ipsum primis in faucibus orci luctus et ultrices', 'Murder Ahoy', 'http://dummyimage.com/238x297.jpg/dddddd/000000', 5.63, 60, NULL, 4);
INSERT INTO `product` (`id`, `allergent`, `available`, `description`, `name`, `photoUrl`, `price`, `sortNumber`, `videoUrl`, `category_id`) VALUES(156, 'Fintone', b'1', 'Aenean lectus. Pellentesque eget nunc. Donec quis orci eget orci vehicula condimentum. Curabitur in libero ut massa volutpat convallis. Morbi odio odio, elementum eu, interdum eu, tincidunt in, leo. Maecenas pulvinar lobortis est. Phasellus sit amet erat.', 'Croupier', 'http://dummyimage.com/269x271.jpg/cc0000/ffffff', 44.08, 87, NULL, 7);
INSERT INTO `product` (`id`, `allergent`, `available`, `description`, `name`, `photoUrl`, `price`, `sortNumber`, `videoUrl`, `category_id`) VALUES(157, 'It', b'1', 'Morbi ut odio. Cras mi pede, malesuada in, imperdiet et, commodo vulputate, justo. In blandit ultrices enim. Lorem ipsum dolor sit amet, consectetuer adipiscing elit. Proin interdum mauris non ligula pellentesque ultrices. Phasellus id sapien in sapien ia', 'Hardware', 'http://dummyimage.com/254x235.jpg/5fa2dd/ffffff', 52.54, 9, NULL, 1);
INSERT INTO `product` (`id`, `allergent`, `available`, `description`, `name`, `photoUrl`, `price`, `sortNumber`, `videoUrl`, `category_id`) VALUES(158, 'Konklux', b'0', 'In congue. Etiam justo. Etiam pretium iaculis justo. In hac habitasse platea dictumst. Etiam faucibus cursus urna. Ut tellus. Nulla ut erat id mauris vulputate elementum. Nullam varius. Nulla facilisi.', 'Four Feathers, The', 'http://dummyimage.com/248x277.jpg/dddddd/000000', 9.67, 36, NULL, 3);
INSERT INTO `product` (`id`, `allergent`, `available`, `description`, `name`, `photoUrl`, `price`, `sortNumber`, `videoUrl`, `category_id`) VALUES(159, 'Tin', b'0', 'Nulla neque libero, convallis eget, eleifend luctus, ultricies eu, nibh. Quisque id justo sit amet sapien dignissim vestibulum. Vestibulum ante ipsum primis in faucibus orci luctus et ultrices posuere cubilia Curae; Nulla dapibus dolor vel est. Donec odio', 'Decampitated', 'http://dummyimage.com/292x275.jpg/cc0000/ffffff', 12.37, 1, NULL, 8);
INSERT INTO `product` (`id`, `allergent`, `available`, `description`, `name`, `photoUrl`, `price`, `sortNumber`, `videoUrl`, `category_id`) VALUES(160, 'Rank', b'1', 'Maecenas rhoncus aliquam lacus. Morbi quis tortor id nulla ultrices aliquet. Maecenas leo odio, condimentum id, luctus nec, molestie sed, justo. Pellentesque viverra pede ac diam. Cras pellentesque volutpat dui. Maecenas tristique, est et tempus semper, e', 'All of Me', 'http://dummyimage.com/286x289.jpg/dddddd/000000', 15.34, 59, NULL, 1);
INSERT INTO `product` (`id`, `allergent`, `available`, `description`, `name`, `photoUrl`, `price`, `sortNumber`, `videoUrl`, `category_id`) VALUES(161, 'Alpha', b'0', 'Donec diam neque, vestibulum eget, vulputate ut, ultrices vel, augue. Vestibulum ante ipsum primis in faucibus orci luctus et ultrices posuere cubilia Curae; Donec pharetra, magna vestibulum aliquet ultrices, erat tortor sollicitudin mi, sit amet lobortis', 'As it is in Heaven (Så som i himmelen)', 'http://dummyimage.com/258x296.jpg/dddddd/000000', 45.47, 92, NULL, 7);
INSERT INTO `product` (`id`, `allergent`, `available`, `description`, `name`, `photoUrl`, `price`, `sortNumber`, `videoUrl`, `category_id`) VALUES(162, 'Zontrax', b'1', 'Integer ac leo. Pellentesque ultrices mattis odio. Donec vitae nisi. Nam ultrices, libero non mattis pulvinar, nulla pede ullamcorper augue, a suscipit nulla elit ac nulla. Sed vel enim sit amet nunc viverra dapibus. Nulla suscipit ligula in lacus. Curabi', 'It Runs in the Family', 'http://dummyimage.com/255x242.jpg/cc0000/ffffff', 32.53, 68, NULL, 1);
INSERT INTO `product` (`id`, `allergent`, `available`, `description`, `name`, `photoUrl`, `price`, `sortNumber`, `videoUrl`, `category_id`) VALUES(163, 'Viva', b'1', 'Duis bibendum, felis sed interdum venenatis, turpis enim blandit mi, in porttitor pede justo eu massa. Donec dapibus. Duis at velit eu est congue elementum. In hac habitasse platea dictumst. Morbi vestibulum, velit id pretium iaculis, diam erat fermentum ', 'Great Debaters, The', 'http://dummyimage.com/266x212.jpg/dddddd/000000', 5.21, 12, NULL, 6);
INSERT INTO `product` (`id`, `allergent`, `available`, `description`, `name`, `photoUrl`, `price`, `sortNumber`, `videoUrl`, `category_id`) VALUES(164, 'Temp', b'1', 'Vestibulum sed magna at nunc commodo placerat. Praesent blandit. Nam nulla. Integer pede justo, lacinia eget, tincidunt eget, tempus vel, pede.', 'Jarhead 2: Field of Fire', 'http://dummyimage.com/245x292.jpg/ff4444/ffffff', 16.46, 51, NULL, 6);
INSERT INTO `product` (`id`, `allergent`, `available`, `description`, `name`, `photoUrl`, `price`, `sortNumber`, `videoUrl`, `category_id`) VALUES(165, 'Job', b'1', 'Aliquam non mauris. Morbi non lectus. Aliquam sit amet diam in magna bibendum imperdiet. Nullam orci pede, venenatis non, sodales sed, tincidunt eu, felis. Fusce posuere felis sed lacus. Morbi sem mauris, laoreet ut, rhoncus aliquet, pulvinar sed, nisl.', 'Drag Me to Hell', 'http://dummyimage.com/260x293.jpg/dddddd/000000', 43.53, 71, NULL, 1);
INSERT INTO `product` (`id`, `allergent`, `available`, `description`, `name`, `photoUrl`, `price`, `sortNumber`, `videoUrl`, `category_id`) VALUES(166, 'Vagram', b'1', 'Nulla neque libero, convallis eget, eleifend luctus, ultricies eu, nibh. Quisque id justo sit amet sapien dignissim vestibulum. Vestibulum ante ipsum primis in faucibus orci luctus et ultrices posuere cubilia Curae; Nulla dapibus dolor vel est. Donec odio', 'Grocer\'s Son, The (Fils de l\'épicier, Le)', 'http://dummyimage.com/285x285.jpg/ff4444/ffffff', 20.91, 79, NULL, 5);
INSERT INTO `product` (`id`, `allergent`, `available`, `description`, `name`, `photoUrl`, `price`, `sortNumber`, `videoUrl`, `category_id`) VALUES(167, 'Cardguard', b'0', 'Nulla ac enim. In tempor, turpis nec euismod scelerisque, quam turpis adipiscing lorem, vitae mattis nibh ligula nec sem. Duis aliquam convallis nunc. Proin at turpis a pede posuere nonummy. Integer non velit. Donec diam neque, vestibulum eget, vulputate ', 'Love Affair', 'http://dummyimage.com/279x210.jpg/dddddd/000000', 54.68, 2, NULL, 7);
INSERT INTO `product` (`id`, `allergent`, `available`, `description`, `name`, `photoUrl`, `price`, `sortNumber`, `videoUrl`, `category_id`) VALUES(168, 'Konklab', b'0', 'Duis ac nibh. Fusce lacus purus, aliquet at, feugiat non, pretium quis, lectus. Suspendisse potenti. In eleifend quam a odio. In hac habitasse platea dictumst. Maecenas ut massa quis augue luctus tincidunt.', 'After Life (Wandafuru raifu)', 'http://dummyimage.com/253x267.jpg/5fa2dd/ffffff', 13.99, 69, NULL, 5);
INSERT INTO `product` (`id`, `allergent`, `available`, `description`, `name`, `photoUrl`, `price`, `sortNumber`, `videoUrl`, `category_id`) VALUES(169, 'Tresom', b'0', 'Lorem ipsum dolor sit amet, consectetuer adipiscing elit. Proin interdum mauris non ligula pellentesque ultrices. Phasellus id sapien in sapien iaculis congue. Vivamus metus arcu, adipiscing molestie, hendrerit at, vulputate vitae, nisl. Aenean lectus. Pe', 'Siddhartha', 'http://dummyimage.com/266x295.jpg/ff4444/ffffff', 40.67, 98, NULL, 3);
INSERT INTO `product` (`id`, `allergent`, `available`, `description`, `name`, `photoUrl`, `price`, `sortNumber`, `videoUrl`, `category_id`) VALUES(170, 'Y-Solowarm', b'0', 'Nulla mollis molestie lorem. Quisque ut erat. Curabitur gravida nisi at nibh. In hac habitasse platea dictumst. Aliquam augue quam, sollicitudin vitae, consectetuer eget, rutrum at, lorem.', 'Bell, Book and Candle', 'http://dummyimage.com/223x250.jpg/cc0000/ffffff', 51.85, 62, NULL, 2);
INSERT INTO `product` (`id`, `allergent`, `available`, `description`, `name`, `photoUrl`, `price`, `sortNumber`, `videoUrl`, `category_id`) VALUES(171, 'Vagram', b'1', 'Cum sociis natoque penatibus et magnis dis parturient montes, nascetur ridiculus mus. Vivamus vestibulum sagittis sapien. Cum sociis natoque penatibus et magnis dis parturient montes, nascetur ridiculus mus. Etiam vel augue. Vestibulum rutrum rutrum neque', 'Lap Dance', 'http://dummyimage.com/267x228.jpg/5fa2dd/ffffff', 6.4, 16, NULL, 5);
INSERT INTO `product` (`id`, `allergent`, `available`, `description`, `name`, `photoUrl`, `price`, `sortNumber`, `videoUrl`, `category_id`) VALUES(172, 'Biodex', b'0', 'Vestibulum ac est lacinia nisi venenatis tristique. Fusce congue, diam id ornare imperdiet, sapien urna pretium nisl, ut volutpat sapien arcu sed augue. Aliquam erat volutpat. In congue.', 'Wild Beasts (Wild beasts - Belve feroci)', 'http://dummyimage.com/294x282.jpg/ff4444/ffffff', 9.58, 20, NULL, 1);
INSERT INTO `product` (`id`, `allergent`, `available`, `description`, `name`, `photoUrl`, `price`, `sortNumber`, `videoUrl`, `category_id`) VALUES(173, 'Zaam-Dox', b'1', 'Morbi ut odio. Cras mi pede, malesuada in, imperdiet et, commodo vulputate, justo. In blandit ultrices enim. Lorem ipsum dolor sit amet, consectetuer adipiscing elit. Proin interdum mauris non ligula pellentesque ultrices. Phasellus id sapien in sapien ia', 'Firm, The', 'http://dummyimage.com/292x229.jpg/dddddd/000000', 10.76, 90, NULL, 6);
INSERT INTO `product` (`id`, `allergent`, `available`, `description`, `name`, `photoUrl`, `price`, `sortNumber`, `videoUrl`, `category_id`) VALUES(174, 'Cardguard', b'1', 'Duis aliquam convallis nunc. Proin at turpis a pede posuere nonummy. Integer non velit. Donec diam neque, vestibulum eget, vulputate ut, ultrices vel, augue. Vestibulum ante ipsum primis in faucibus orci luctus et ultrices posuere cubilia Curae; Donec pha', 'Strange Planet', 'http://dummyimage.com/203x233.jpg/ff4444/ffffff', 17.96, 81, NULL, 3);
INSERT INTO `product` (`id`, `allergent`, `available`, `description`, `name`, `photoUrl`, `price`, `sortNumber`, `videoUrl`, `category_id`) VALUES(175, 'Tresom', b'0', 'Donec odio justo, sollicitudin ut, suscipit a, feugiat et, eros. Vestibulum ac est lacinia nisi venenatis tristique. Fusce congue, diam id ornare imperdiet, sapien urna pretium nisl, ut volutpat sapien arcu sed augue. Aliquam erat volutpat. In congue. Eti', 'Disco Dancer', 'http://dummyimage.com/223x293.jpg/ff4444/ffffff', 21.55, 56, NULL, 7);
INSERT INTO `product` (`id`, `allergent`, `available`, `description`, `name`, `photoUrl`, `price`, `sortNumber`, `videoUrl`, `category_id`) VALUES(176, 'Tres-Zap', b'1', 'Nunc nisl. Duis bibendum, felis sed interdum venenatis, turpis enim blandit mi, in porttitor pede justo eu massa. Donec dapibus. Duis at velit eu est congue elementum. In hac habitasse platea dictumst. Morbi vestibulum, velit id pretium iaculis, diam erat', 'I Became a Criminal (They Made Me a Fugitive)', 'http://dummyimage.com/231x283.jpg/5fa2dd/ffffff', 43.17, 88, NULL, 4);
INSERT INTO `product` (`id`, `allergent`, `available`, `description`, `name`, `photoUrl`, `price`, `sortNumber`, `videoUrl`, `category_id`) VALUES(177, 'Y-Solowarm', b'0', 'Nullam orci pede, venenatis non, sodales sed, tincidunt eu, felis. Fusce posuere felis sed lacus. Morbi sem mauris, laoreet ut, rhoncus aliquet, pulvinar sed, nisl. Nunc rhoncus dui vel sem. Sed sagittis. Nam congue, risus semper porta volutpat, quam pede', 'Keep the River on Your Right: A Modern Cannibal Tale', 'http://dummyimage.com/298x258.jpg/cc0000/ffffff', 7.97, 20, NULL, 5);
INSERT INTO `product` (`id`, `allergent`, `available`, `description`, `name`, `photoUrl`, `price`, `sortNumber`, `videoUrl`, `category_id`) VALUES(178, 'Latlux', b'0', 'Pellentesque eget nunc. Donec quis orci eget orci vehicula condimentum. Curabitur in libero ut massa volutpat convallis. Morbi odio odio, elementum eu, interdum eu, tincidunt in, leo. Maecenas pulvinar lobortis est. Phasellus sit amet erat. Nulla tempus. ', 'Why Me?', 'http://dummyimage.com/284x293.jpg/5fa2dd/ffffff', 40.7, 33, NULL, 7);
INSERT INTO `product` (`id`, `allergent`, `available`, `description`, `name`, `photoUrl`, `price`, `sortNumber`, `videoUrl`, `category_id`) VALUES(179, 'Keylex', b'1', 'Morbi a ipsum. Integer a nibh. In quis justo. Maecenas rhoncus aliquam lacus. Morbi quis tortor id nulla ultrices aliquet. Maecenas leo odio, condimentum id, luctus nec, molestie sed, justo. Pellentesque viverra pede ac diam.', 'Sex and the City', 'http://dummyimage.com/273x216.jpg/5fa2dd/ffffff', 53.59, 67, NULL, 4);
INSERT INTO `product` (`id`, `allergent`, `available`, `description`, `name`, `photoUrl`, `price`, `sortNumber`, `videoUrl`, `category_id`) VALUES(180, 'Bitchip', b'1', 'Nullam porttitor lacus at turpis. Donec posuere metus vitae ipsum. Aliquam non mauris. Morbi non lectus. Aliquam sit amet diam in magna bibendum imperdiet.', 'Can\'t Help Singing', 'http://dummyimage.com/241x211.jpg/5fa2dd/ffffff', 44.88, 6, NULL, 5);
INSERT INTO `product` (`id`, `allergent`, `available`, `description`, `name`, `photoUrl`, `price`, `sortNumber`, `videoUrl`, `category_id`) VALUES(181, 'Greenlam', b'1', 'Vestibulum ante ipsum primis in faucibus orci luctus et ultrices posuere cubilia Curae; Mauris viverra diam vitae quam. Suspendisse potenti. Nullam porttitor lacus at turpis. Donec posuere metus vitae ipsum.', 'American Pastime', 'http://dummyimage.com/257x220.jpg/dddddd/000000', 30.15, 60, NULL, 4);
INSERT INTO `product` (`id`, `allergent`, `available`, `description`, `name`, `photoUrl`, `price`, `sortNumber`, `videoUrl`, `category_id`) VALUES(182, 'Transcof', b'0', 'Mauris sit amet eros. Suspendisse accumsan tortor quis turpis. Sed ante. Vivamus tortor. Duis mattis egestas metus. Aenean fermentum. Donec ut mauris eget massa tempor convallis. Nulla neque libero, convallis eget, eleifend luctus, ultricies eu, nibh. Qui', 'Hijacking, A (Kapringen)', 'http://dummyimage.com/263x292.jpg/dddddd/000000', 14.29, 15, NULL, 2);
INSERT INTO `product` (`id`, `allergent`, `available`, `description`, `name`, `photoUrl`, `price`, `sortNumber`, `videoUrl`, `category_id`) VALUES(183, 'Voltsillam', b'0', 'Donec diam neque, vestibulum eget, vulputate ut, ultrices vel, augue. Vestibulum ante ipsum primis in faucibus orci luctus et ultrices posuere cubilia Curae; Donec pharetra, magna vestibulum aliquet ultrices, erat tortor sollicitudin mi, sit amet lobortis', 'Miguel and William (Miguel y William)', 'http://dummyimage.com/284x221.jpg/cc0000/ffffff', 25.63, 48, NULL, 3);
INSERT INTO `product` (`id`, `allergent`, `available`, `description`, `name`, `photoUrl`, `price`, `sortNumber`, `videoUrl`, `category_id`) VALUES(184, 'Zaam-Dox', b'0', 'Praesent id massa id nisl venenatis lacinia. Aenean sit amet justo. Morbi ut odio.', 'Anguish (Angustia)', 'http://dummyimage.com/233x300.jpg/cc0000/ffffff', 15.28, 65, NULL, 1);
INSERT INTO `product` (`id`, `allergent`, `available`, `description`, `name`, `photoUrl`, `price`, `sortNumber`, `videoUrl`, `category_id`) VALUES(185, 'Holdlamis', b'0', 'Cum sociis natoque penatibus et magnis dis parturient montes, nascetur ridiculus mus. Vivamus vestibulum sagittis sapien. Cum sociis natoque penatibus et magnis dis parturient montes, nascetur ridiculus mus.', 'Climax, The', 'http://dummyimage.com/263x244.jpg/cc0000/ffffff', 54.41, 85, NULL, 8);
INSERT INTO `product` (`id`, `allergent`, `available`, `description`, `name`, `photoUrl`, `price`, `sortNumber`, `videoUrl`, `category_id`) VALUES(186, 'Mat Lam Tam', b'1', 'Aliquam erat volutpat. In congue. Etiam justo.', 'Pelican Brief, The', 'http://dummyimage.com/281x263.jpg/5fa2dd/ffffff', 26.62, 65, NULL, 3);
INSERT INTO `product` (`id`, `allergent`, `available`, `description`, `name`, `photoUrl`, `price`, `sortNumber`, `videoUrl`, `category_id`) VALUES(187, 'Voltsillam', b'0', 'Etiam faucibus cursus urna. Ut tellus. Nulla ut erat id mauris vulputate elementum. Nullam varius. Nulla facilisi. Cras non velit nec nisi vulputate nonummy. Maecenas tincidunt lacus at velit. Vivamus vel nulla eget eros elementum pellentesque. Quisque po', 'Ranma ½: Big Trouble in Nekonron, China (Ranma ½: Chûgoku Nekonron daikessen! Okite yaburi no gekitô hen)', 'http://dummyimage.com/289x201.jpg/cc0000/ffffff', 54.13, 6, NULL, 5);
INSERT INTO `product` (`id`, `allergent`, `available`, `description`, `name`, `photoUrl`, `price`, `sortNumber`, `videoUrl`, `category_id`) VALUES(188, 'Cardify', b'0', 'Nullam sit amet turpis elementum ligula vehicula consequat. Morbi a ipsum. Integer a nibh. In quis justo. Maecenas rhoncus aliquam lacus. Morbi quis tortor id nulla ultrices aliquet.', 'Testament', 'http://dummyimage.com/261x226.jpg/cc0000/ffffff', 15.04, 96, NULL, 3);
INSERT INTO `product` (`id`, `allergent`, `available`, `description`, `name`, `photoUrl`, `price`, `sortNumber`, `videoUrl`, `category_id`) VALUES(189, 'Lotstring', b'0', 'Donec dapibus. Duis at velit eu est congue elementum. In hac habitasse platea dictumst. Morbi vestibulum, velit id pretium iaculis, diam erat fermentum justo, nec condimentum neque sapien placerat ante. Nulla justo.', 'Motel Life, The', 'http://dummyimage.com/273x205.jpg/cc0000/ffffff', 22.37, 24, NULL, 7);
INSERT INTO `product` (`id`, `allergent`, `available`, `description`, `name`, `photoUrl`, `price`, `sortNumber`, `videoUrl`, `category_id`) VALUES(190, 'Tresom', b'0', 'Fusce lacus purus, aliquet at, feugiat non, pretium quis, lectus. Suspendisse potenti. In eleifend quam a odio. In hac habitasse platea dictumst. Maecenas ut massa quis augue luctus tincidunt. Nulla mollis molestie lorem. Quisque ut erat. Curabitur gravid', 'Road to Zanzibar', 'http://dummyimage.com/293x249.jpg/dddddd/000000', 52.63, 32, NULL, 1);
INSERT INTO `product` (`id`, `allergent`, `available`, `description`, `name`, `photoUrl`, `price`, `sortNumber`, `videoUrl`, `category_id`) VALUES(191, 'Domainer', b'0', 'Nulla tempus. Vivamus in felis eu sapien cursus vestibulum. Proin eu mi. Nulla ac enim. In tempor, turpis nec euismod scelerisque, quam turpis adipiscing lorem, vitae mattis nibh ligula nec sem. Duis aliquam convallis nunc. Proin at turpis a pede posuere ', 'Thomas Jefferson', 'http://dummyimage.com/250x265.jpg/5fa2dd/ffffff', 51.54, 8, NULL, 8);
INSERT INTO `product` (`id`, `allergent`, `available`, `description`, `name`, `photoUrl`, `price`, `sortNumber`, `videoUrl`, `category_id`) VALUES(192, 'Treeflex', b'0', 'Duis aliquam convallis nunc. Proin at turpis a pede posuere nonummy. Integer non velit. Donec diam neque, vestibulum eget, vulputate ut, ultrices vel, augue. Vestibulum ante ipsum primis in faucibus orci luctus et ultrices posuere cubilia Curae; Donec pha', '12 Angry Men', 'http://dummyimage.com/300x256.jpg/dddddd/000000', 46.42, 40, NULL, 4);
INSERT INTO `product` (`id`, `allergent`, `available`, `description`, `name`, `photoUrl`, `price`, `sortNumber`, `videoUrl`, `category_id`) VALUES(193, 'Namfix', b'0', 'Suspendisse potenti. Cras in purus eu magna vulputate luctus. Cum sociis natoque penatibus et magnis dis parturient montes, nascetur ridiculus mus.', 'American Ninja 4: The Annihilation', 'http://dummyimage.com/217x279.jpg/5fa2dd/ffffff', 37.76, 31, NULL, 6);
INSERT INTO `product` (`id`, `allergent`, `available`, `description`, `name`, `photoUrl`, `price`, `sortNumber`, `videoUrl`, `category_id`) VALUES(194, 'Tampflex', b'0', 'Nunc rhoncus dui vel sem. Sed sagittis. Nam congue, risus semper porta volutpat, quam pede lobortis ligula, sit amet eleifend pede libero quis orci. Nullam molestie nibh in lectus. Pellentesque at nulla.', '9', 'http://dummyimage.com/258x200.jpg/5fa2dd/ffffff', 17.88, 65, NULL, 3);
INSERT INTO `product` (`id`, `allergent`, `available`, `description`, `name`, `photoUrl`, `price`, `sortNumber`, `videoUrl`, `category_id`) VALUES(195, 'Viva', b'0', 'Vestibulum ante ipsum primis in faucibus orci luctus et ultrices posuere cubilia Curae; Donec pharetra, magna vestibulum aliquet ultrices, erat tortor sollicitudin mi, sit amet lobortis sapien sapien non mi. Integer ac neque. Duis bibendum. Morbi non quam', 'Allegro', 'http://dummyimage.com/247x247.jpg/5fa2dd/ffffff', 37.57, 48, NULL, 7);
INSERT INTO `product` (`id`, `allergent`, `available`, `description`, `name`, `photoUrl`, `price`, `sortNumber`, `videoUrl`, `category_id`) VALUES(196, 'Toughjoyfax', b'1', 'Aenean sit amet justo. Morbi ut odio. Cras mi pede, malesuada in, imperdiet et, commodo vulputate, justo. In blandit ultrices enim. Lorem ipsum dolor sit amet, consectetuer adipiscing elit. Proin interdum mauris non ligula pellentesque ultrices. Phasellus', 'Girl with the Red Scarf, The (Selvi boylum, al yazmalim)', 'http://dummyimage.com/205x226.jpg/ff4444/ffffff', 54.62, 87, NULL, 3);
INSERT INTO `product` (`id`, `allergent`, `available`, `description`, `name`, `photoUrl`, `price`, `sortNumber`, `videoUrl`, `category_id`) VALUES(197, 'Bitwolf', b'1', 'Lorem ipsum dolor sit amet, consectetuer adipiscing elit. Proin risus. Praesent lectus. Vestibulum quam sapien, varius ut, blandit non, interdum in, ante. Vestibulum ante ipsum primis in faucibus orci luctus et ultrices posuere cubilia Curae; Duis faucibu', 'SLC Punk!', 'http://dummyimage.com/205x225.jpg/ff4444/ffffff', 51.94, 39, NULL, 5);
INSERT INTO `product` (`id`, `allergent`, `available`, `description`, `name`, `photoUrl`, `price`, `sortNumber`, `videoUrl`, `category_id`) VALUES(198, 'Greenlam', b'0', 'Nullam sit amet turpis elementum ligula vehicula consequat. Morbi a ipsum. Integer a nibh. In quis justo. Maecenas rhoncus aliquam lacus. Morbi quis tortor id nulla ultrices aliquet. Maecenas leo odio, condimentum id, luctus nec, molestie sed, justo. Pell', 'Favorite Deadly Sins', 'http://dummyimage.com/208x235.jpg/dddddd/000000', 19.05, 36, NULL, 7);
INSERT INTO `product` (`id`, `allergent`, `available`, `description`, `name`, `photoUrl`, `price`, `sortNumber`, `videoUrl`, `category_id`) VALUES(199, 'Stronghold', b'0', 'Aliquam augue quam, sollicitudin vitae, consectetuer eget, rutrum at, lorem. Integer tincidunt ante vel ipsum. Praesent blandit lacinia erat.', 'Fantastic Voyage', 'http://dummyimage.com/282x286.jpg/cc0000/ffffff', 20.06, 29, NULL, 3);
INSERT INTO `product` (`id`, `allergent`, `available`, `description`, `name`, `photoUrl`, `price`, `sortNumber`, `videoUrl`, `category_id`) VALUES(200, 'Flexidy', b'1', 'Maecenas ut massa quis augue luctus tincidunt. Nulla mollis molestie lorem. Quisque ut erat.', 'Dances with Wolves', 'http://dummyimage.com/273x269.jpg/5fa2dd/ffffff', 56.16, 94, NULL, 1);

/*!40101 SET CHARACTER_SET_CLIENT=@OLD_CHARACTER_SET_CLIENT */;
/*!40101 SET CHARACTER_SET_RESULTS=@OLD_CHARACTER_SET_RESULTS */;
/*!40101 SET COLLATION_CONNECTION=@OLD_COLLATION_CONNECTION */;







SET FOREIGN_KEY_CHECKS=1
